Workbook
Name AAA: '[2]28-02-97'!#REF!
Name ACCRUAL: '[3]Acc&Prep'!$A$1:$J$700
Name ACCRUALS: '[3]Acc&Prep'!$D$701
Name Beg_Bal: #REF!
Name CCY: #REF!
Name copy.P_LtoAC: #REF!
Name copyCons_toAA: #REF!
Name Cum_Int: #REF!
Name Data: #REF!
Name data84: '[4]Purchase Order'!$E$52
Name Def.Income: #REF!
Name Direct: [3]TB!$42:$124
Name dtrj: DATE(YEAR([5]Payments!Loan_Start),MONTH([5]Payments!Loan_Start)+Payment_Number,DAY([5]Payments!Loan_Start))
Name dtrj: DATE(YEAR([5]Payments!Loan_Start),MONTH([5]Payments!Loan_Start)+Payment_Number,DAY([5]Payments!Loan_Start))
Name dtrj: DATE(YEAR([6]Payments!Loan_Start),MONTH([6]Payments!Loan_Start)+Payment_Number,DAY([6]Payments!Loan_Start))
Name End_Bal: #REF!
Name Extra_Pay: #REF!
Name Full_Print: #REF!
Name Header_Row: ROW(#REF!)
Name Int: #REF!
Name Interest_Rate: #REF!
Name Last_Row: IF('خزينه السلف '!Values_Entered,Header_Row+'خزينه السلف '!Number_of_Payments,Header_Row)
Name Last_Row: IF('خزينه السلف (2)'!Values_Entered,Header_Row+'خزينه السلف (2)'!Number_of_Payments,Header_Row)
Name Last_Row: IF([7]!Values_Entered,Header_Row+[7]!Number_of_Payments,Header_Row)
Name Loan_Amount: #REF!
Name Loan_Start: #REF!
Name Loan_Years: #REF!
Name MonthEnding: #REF!
Name nnn: Scheduled_Payment+Extra_Payment
Name nnn: Scheduled_Payment+Extra_Payment
Name nnn: Scheduled_Payment+Extra_Payment
Name Num_Pmt_Per_Year: #REF!
Name Number_of_Payments: MATCH(0.01,End_Bal,-1)+1
Name Number_of_Payments: MATCH(0.01,End_Bal,-1)+1
Name Number_of_Payments: MATCH(0.01,End_Bal,-1)+1
Name Pay_Date: #REF!
Name Pay_Num: #REF!
Name Payment_Date: DATE(YEAR(Loan_Start),MONTH(Loan_Start)+Payment_Number,DAY(Loan_Start))
Name Payment_Date: DATE(YEAR(Loan_Start),MONTH(Loan_Start)+Payment_Number,DAY(Loan_Start))
Name Payment_Date: DATE(YEAR(Loan_Start),MONTH(Loan_Start)+Payment_Number,DAY(Loan_Start))
Name Period: #REF!
Name Princ: #REF!
Name print.accruals: '[8]Accruals CPT'!$A$1:$G$469
Name print.B_S: #REF!
Name Print.Bus_Tours: #REF!
Name Print_Area_MI: '[2]28-02-97'!#REF!
Name Print_Area_Reset: OFFSET(Full_Print,0,0,'خزينه السلف '!Last_Row)
Name Print_Area_Reset: OFFSET(Full_Print,0,0,'خزينه السلف (2)'!Last_Row)
Name Print_Area_Reset: OFFSET(Full_Print,0,0,Last_Row)
Name Salaries_Template: #N/A
Name sales: [3]TB!$8:$38
Name Sched_Pay: #REF!
Name Scheduled_Extra_Payments: #REF!
Name Scheduled_Interest_Rate: #REF!
Name Scheduled_Monthly_Payment: #REF!
Name Total_Interest: #REF!
Name Total_Pay: #REF!
Name Total_Payment: Scheduled_Payment+Extra_Payment
Name Total_Payment: Scheduled_Payment+Extra_Payment
Name Total_Payment: Scheduled_Payment+Extra_Payment

Sheet 11-2025
Y1: جزاءات | AA1: غياب | AC1: إجازة بالخصم | AE1: انصراف مبكر | AG1: تأخير | AI1: سلف
A2: الكود | B2: الاسم | C2: الفرع | D2: القطاع | E2: الإدارة | F2: الوظيفة | G2: تاريخ التعيين | H2: تاريخ ترك الخدمة | I2: الرقم القومى | J2: عدد الأشهر | K2: الراتب الشهري | L2: مكافات | M2: بدلات | N2: اجمالي الراتب | O2: المرتب التاميني | P2: حصه الشركه | Q2: حصة العامل في التأمينات | R2: الإعفاء الشخصي | S2: وعاء الفترة | T2: الوعاء السنوي | U2: الضريبة السنوية | V2: الضريبة المستحقة للراتب الشهري | W2: الصافي قبل الخصومات | X2: قيمة اليوم | Y2: عدد | Z2: قيمه جزاءات | AA2: عدد2 | AB2: قيمه غياب | AC2: عدد4 | AD2: قيمه إجازة | AE2: عدد5 | AF2: قيمه إنصراف مبكر | AG2: عدد6 | AH2: قيمه تأخير | AI2: السلف | AJ2: اجمالي الخصومات الشهريه | AK2: صافي الراتب الشهري | AL2: بدلات | AM2: مكافات | AN2: حافز | AO2: اوفر تايم | AP2: تسويات | AQ2: كونتست | AR2: عمولات رايا | AS2: عمولات شركه حالا | AT2: عمولات سفن | AU2: عمولات الاسكندريه | AV2: عمولات كريدي | AW2: عمولات ماني | AX2: عمولات رايه قانوني | AY2: عمولات فاليو قانونى | AZ2: بلتون قانونى | BA2: عمولات تنمية قانونى | BB2: عمولات وسيلة قانونى | BC2: وسيلة 10 | BD2: وسيلة 9 | BE2: تنمية | BF2: عمولات ميد قانوني | BG2: ميد بنك | BH2: ارادة | BI2: عمولة سهولة قانوني | BJ2: اجمالي العمولات | BK2: اجمالي الراتب + العمولات | BL2: المرتب التاميني | BM2: حصه الشركه | BN2: حصة العامل في التأمينات | BO2: الإعفاء الشخصي | BP2: وعاء الفترة | BQ2: الوعاء السنوي | BR2: الضريبة السنوية | BS2: اجمالي الضرائب | BT2: ضريبه العمولات | BU2: المستحق | BW2: إيقاف 50% من الراتب | BX2: المستحق بعد الإيقاف | BY2: القبض
A3: 19 | B3: سحر اوسامة احمد محمد | C3: 20أ القاهرة | D3: التحصيل | E3: شركة حالا | F3: مشرف تحصيل | G3: 45209 | I3: 29611110104501 | J3: 1 | K3: 4982.477 | N3: =SUM('11-2025'!$K3:$M3) -> 4982.477 | O3: 4413.4615 | P3: =O3*18.75% -> 827.52404 | Q3: =O3*11% -> 485.48077 | R3: 1666.6667 | S3: =IF(N3-Q3-R3<0,0,N3-Q3-R3) -> 2830.3296 | T3: =IFERROR(S3/J3,0)*12 -> 33963.955 | U3: =IF(T3<=40000,0, IF(T3<=55000,(T3-40000)*10%, IF(T3<=70000,(T3-55000)*15%+1500, IF(T3<=200000,(T3-70000)*20%+1500+2250, IF(T3<=400000,(T3-200000)*22.5%+1500+2250+26000, IF(T3<=600000,(T3-400000)*25%+1500+2250+26000+45000, IF(AND(T3>600000,T3<=1200000),(T3-400000)*25%+1500+2250+26000+45000 +IFERROR(LOOKUP(T3,{600001;700001;800001;900001},{4000;6750;10250;15250}),0),IF(T3>1200000,((T3-1200000)*27.5%)+300000,0) ))))))) -> 0 | V3: =U3/12*J3 -> 0 | W3: =+'11-2025'!$S3-'11-2025'!$V3+'11-2025'!$R3 -> 4496.9962 | X3: =IFERROR(W3/30,"") -> 149.89987 | Y3: 0 | Z3: =IFERROR(+'11-2025'!$X3*'11-2025'!$Y3,"") -> 0 | AA3: 6 | AB3: =IFERROR(+'11-2025'!$X3*'11-2025'!$AA3,"") -> 899.39925 | AC3: 0 | AD3: =IFERROR(+'11-2025'!$X3*'11-2025'!$AC3,"") -> 0 | AE3: 0 | AF3: =IFERROR(+'11-2025'!$X3*'11-2025'!$AE3,"") -> 0 | AG3: 0 | AH3: =IFERROR(+'11-2025'!$X3*'11-2025'!$AG3,"") -> 0 | AI3: 0 | AJ3: =IFERROR('11-2025'!$Z3+'11-2025'!$AB3+'11-2025'!$AD3+'11-2025'!$AF3+'11-2025'!$AH3+'11-2025'!$AI3,"") -> 899.39925 | AK3: =IFERROR('11-2025'!$W3-'11-2025'!$AJ3,"") -> 3597.597 | AO3: 0 | AR3: 0 | AS3: 713.595 | AT3: 0 | AU3: 0 | AV3: 0 | AW3: 580 | AX3: 0 | AY3: 0 | AZ3: 0 | BA3: 0 | BB3: 0 | BC3: 0 | BD3: 0 | BE3: 0 | BF3: 0 | BG3: 1616.7525 | BH3: 0 | BI3: 0 | BJ3: =BD3+BC3+BB3+BA3+AZ3+AY3+AX3+AW3+AV3+AU3+AT3+AS3+AR3+BE3+BF3+BG3+BH3+BI3 -> 2910.3475 | BK3: =BJ3+AM3+AL3+'11-2025'!$N3+AN3+AO3 -> 7892.8245 | BL3: ='11-2025'!$O3 -> 4413.4615 | BM3: =BL3*18.75% -> 827.52404 | BN3: =BL3*11% -> 485.48077 | BO3: =+R3 -> 1666.6667 | BP3: =IF(BK3-BN3-BO3<0,0,BK3-BN3-BO3) -> 5740.6771 | BQ3: =IFERROR(BP3/'11-2025'!$J3,0)*12 -> 68888.125 | BR3: =IF(BQ3<=40000,0, IF(BQ3<=55000,(BQ3-40000)*10%, IF(BQ3<=70000,(BQ3-55000)*15%+1500, IF(BQ3<=200000,(BQ3-70000)*20%+1500+2250, IF(BQ3<=400000,(BQ3-200000)*22.5%+1500+2250+26000, IF(BQ3<=600000,(BQ3-400000)*25%+1500+2250+26000+45000, IF(AND(BQ3>600000,BQ3<=1200000),(BQ3-400000)*25%+1500+2250+26000+45000 +IFERROR(LOOKUP(BQ3,{600001;700001;800001;900001},{4000;6750;10250;15250}),0),IF(BQ3>1200000,((BQ3-1200000)*27.5%)+300000,0) ))))))) -> 3583.2187 | BS3: =(BR3/12*'11-2025'!$J3) -> 298.60156 | BT3: =BS3-'11-2025'!$V3 -> 298.60156 | BU3: =IFERROR(+'11-2025'!$W3+AL3+AM3+BJ3-'11-2025'!$AJ3-BT3+AN3+AO3,"")-AL3+AP3+AQ3 -> 6209.3429 | BX3: =+BU3-BW3 -> 6209.3429 | BY3: فيزا
A4: 20 | B4: عبد العزيز صلاح عبد العزيز على حسن | C4: 20أ القاهرة | D4: الادارى | E4: الشئون القانونية | F4: مشرف قضائى | G4: 45003 | I4: 29703150100399 | J4: 1 | K4: 4657.39 | N4: =SUM('11-2025'!$K4:$M4) -> 4657.39 | O4: 3730.8462 | P4: =O4*18.75% -> 699.53365 | Q4: =O4*11% -> 410.39308 | R4: 1666.6667 | S4: =IF(N4-Q4-R4<0,0,N4-Q4-R4) -> 2580.3303 | T4: =IFERROR(S4/J4,0)*12 -> 30963.963 | U4: =IF(T4<=40000,0, IF(T4<=55000,(T4-40000)*10%, IF(T4<=70000,(T4-55000)*15%+1500, IF(T4<=200000,(T4-70000)*20%+1500+2250, IF(T4<=400000,(T4-200000)*22.5%+1500+2250+26000, IF(T4<=600000,(T4-400000)*25%+1500+2250+26000+45000, IF(AND(T4>600000,T4<=1200000),(T4-400000)*25%+1500+2250+26000+45000 +IFERROR(LOOKUP(T4,{600001;700001;800001;900001},{4000;6750;10250;15250}),0),IF(T4>1200000,((T4-1200000)*27.5%)+300000,0) ))))))) -> 0 | V4: =U4/12*J4 -> 0 | W4: =+'11-2025'!$S4-'11-2025'!$V4+'11-2025'!$R4 -> 4246.9969 | X4: =IFERROR(W4/30,"") -> 141.56656 | Y4: 0 | Z4: =IFERROR(+'11-2025'!$X4*'11-2025'!$Y4,"") -> 0 | AA4: 0 | AB4: =IFERROR(+'11-2025'!$X4*'11-2025'!$AA4,"") -> 0 | AC4: 0 | AD4: =IFERROR(+'11-2025'!$X4*'11-2025'!$AC4,"") -> 0 | AE4: 0 | AF4: =IFERROR(+'11-2025'!$X4*'11-2025'!$AE4,"") -> 0 | AG4: 0 | AH4: =IFERROR(+'11-2025'!$X4*'11-2025'!$AG4,"") -> 0 | AI4: 0 | AJ4: =IFERROR('11-2025'!$Z4+'11-2025'!$AB4+'11-2025'!$AD4+'11-2025'!$AF4+'11-2025'!$AH4+'11-2025'!$AI4,"") -> 0 | AK4: =IFERROR('11-2025'!$W4-'11-2025'!$AJ4,"") -> 4246.9969 | AM4: 2000 | AO4: 0 | AR4: 0 | AS4: 0 | AT4: 0 | AU4: 0 | AV4: 0 | AW4: 0 | AX4: 1350 | AY4: 45 | AZ4: 0 | BA4: 0 | BB4: 35 | BC4: 0 | BD4: 0 | BE4: 0 | BF4: 40 | BG4: 0 | BH4: 0 | BI4: 175 | BJ4: =BD4+BC4+BB4+BA4+AZ4+AY4+AX4+AW4+AV4+AU4+AT4+AS4+AR4+BE4+BF4+BG4+BH4+BI4 -> 1645 | BK4: =BJ4+AM4+AL4+'11-2025'!$N4+AN4+AO4 -> 8302.39 | BL4: ='11-2025'!$O4 -> 3730.8462 | BM4: =BL4*18.75% -> 699.53365 | BN4: =BL4*11% -> 410.39308 | BO4: =+R4 -> 1666.6667 | BP4: =IF(BK4-BN4-BO4<0,0,BK4-BN4-BO4) -> 6225.3303 | BQ4: =IFERROR(BP4/'11-2025'!$J4,0)*12 -> 74703.963 | BR4: =IF(BQ4<=40000,0, IF(BQ4<=55000,(BQ4-40000)*10%, IF(BQ4<=70000,(BQ4-55000)*15%+1500, IF(BQ4<=200000,(BQ4-70000)*20%+1500+2250, IF(BQ4<=400000,(BQ4-200000)*22.5%+1500+2250+26000, IF(BQ4<=600000,(BQ4-400000)*25%+1500+2250+26000+45000, IF(AND(BQ4>600000,BQ4<=1200000),(BQ4-400000)*25%+1500+2250+26000+45000 +IFERROR(LOOKUP(BQ4,{600001;700001;800001;900001},{4000;6750;10250;15250}),0),IF(BQ4>1200000,((BQ4-1200000)*27.5%)+300000,0) ))))))) -> 4690.7926 | BS4: =(BR4/12*'11-2025'!$J4) -> 390.89938 | BT4: =BS4-'11-2025'!$V4 -> 390.89938 | BU4: =IFERROR(+'11-2025'!$W4+AL4+AM4+BJ4-'11-2025'!$AJ4-BT4+AN4+AO4,"")-AL4+AP4+AQ4 -> 7501.0975 | BV4: مكافاة عن طبيعة عمل البحث عن مقر للشركة مستخدما الاسكوتر الخاص | BX4: =+BU4-BW4 -> 7501.0975 | BY4: فيزا
A5: 31 | B5: محمود النادى أبو الحسن احمد | C5: 25ج القاهرة | D5: التحصيل | E5: متعدد | F5: كبير مشرفى تحصيل | G5: 45020 | I5: 28504108800236 | J5: 1 | K5: 8774.76 | N5: =SUM('11-2025'!$K5:$M5) -> 8774.76 | O5: 5230.7718 | P5: =O5*18.75% -> 980.76972 | Q5: =O5*11% -> 575.3849 | R5: 1666.6667 | S5: =IF(N5-Q5-R5<0,0,N5-Q5-R5) -> 6532.7084 | T5: =IFERROR(S5/J5,0)*12 -> 78392.501 | U5: =IF(T5<=40000,0, IF(T5<=55000,(T5-40000)*10%, IF(T5<=70000,(T5-55000)*15%+1500, IF(T5<=200000,(T5-70000)*20%+1500+2250, IF(T5<=400000,(T5-200000)*22.5%+1500+2250+26000, IF(T5<=600000,(T5-400000)*25%+1500+2250+26000+45000, IF(AND(T5>600000,T5<=1200000),(T5-400000)*25%+1500+2250+26000+45000 +IFERROR(LOOKUP(T5,{600001;700001;800001;900001},{4000;6750;10250;15250}),0),IF(T5>1200000,((T5-1200000)*27.5%)+300000,0) ))))))) -> 5428.5002 | V5: =U5/12*J5 -> 452.37502 | W5: =+'11-2025'!$S5-'11-2025'!$V5+'11-2025'!$R5 -> 7747.0001 | X5: =IFERROR(W5/30,"") -> 258.23334 | Y5: 0 | Z5: =IFERROR(+'11-2025'!$X5*'11-2025'!$Y5,"") -> 0 | AA5: 0 | AB5: =IFERROR(+'11-2025'!$X5*'11-2025'!$AA5,"") -> 0 | AC5: 0 | AD5: =IFERROR(+'11-2025'!$X5*'11-2025'!$AC5,"") -> 0 | AE5: 0 | AF5: =IFERROR(+'11-2025'!$X5*'11-2025'!$AE5,"") -> 0 | AG5: 0 | AH5: =IFERROR(+'11-2025'!$X5*'11-2025'!$AG5,"") -> 0 | AI5: 3000 | AJ5: =IFERROR('11-2025'!$Z5+'11-2025'!$AB5+'11-2025'!$AD5+'11-2025'!$AF5+'11-2025'!$AH5+'11-2025'!$AI5,"") -> 3000 | AK5: =IFERROR('11-2025'!$W5-'11-2025'!$AJ5,"") -> 4747.0001 | AM5: =2500+500 -> 3000 | AO5: 140 | AR5: 0 | AS5: 0 | AT5: 0 | AU5: 0 | AV5: 9975.4419 | AW5: 0 | AX5: 0 | AY5: 0 | AZ5: 0 | BA5: 0 | BB5: 0 | BC5: 1394.2475 | BD5: 2236.73 | BE5: 0 | BF5: 0 | BG5: 0 | BH5: 0 | BI5: 0 | BJ5: =BD5+BC5+BB5+BA5+AZ5+AY5+AX5+AW5+AV5+AU5+AT5+AS5+AR5+BE5+BF5+BG5+BH5+BI5 -> 13606.419 | BK5: =BJ5+AM5+AL5+'11-2025'!$N5+AN5+AO5 -> 25521.179 | BL5: ='11-2025'!$O5 -> 5230.7718 | BM5: =BL5*18.75% -> 980.76972 | BN5: =BL5*11% -> 575.3849 | BO5: =+R5 -> 1666.6667 | BP5: =IF(BK5-BN5-BO5<0,0,BK5-BN5-BO5) -> 23279.128 | BQ5: =IFERROR(BP5/'11-2025'!$J5,0)*12 -> 279349.53 | BR5: =IF(BQ5<=40000,0, IF(BQ5<=55000,(BQ5-40000)*10%, IF(BQ5<=70000,(BQ5-55000)*15%+1500, IF(BQ5<=200000,(BQ5-70000)*20%+1500+2250, IF(BQ5<=400000,(BQ5-200000)*22.5%+1500+2250+26000, IF(BQ5<=600000,(BQ5-400000)*25%+1500+2250+26000+45000, IF(AND(BQ5>600000,BQ5<=1200000),(BQ5-400000)*25%+1500+2250+26000+45000 +IFERROR(LOOKUP(BQ5,{600001;700001;800001;900001},{4000;6750;10250;15250}),0),IF(BQ5>1200000,((BQ5-1200000)*27.5%)+300000,0) ))))))) -> 47603.645 | BS5: =(BR5/12*'11-2025'!$J5) -> 3966.9704 | BT5: =BS5-'11-2025'!$V5 -> 3514.5954 | BU5: =IFERROR(+'11-2025'!$W5+AL5+AM5+BJ5-'11-2025'!$AJ5-BT5+AN5+AO5,"")-AL5+AP5+AQ5 -> 17978.824 | BV5: مكافاة تشجيعية Cae Loans + C.C تعليمات ا/وليد | BX5: =+BU5-BW5 -> 17978.824 | BY5: فيزا
A6: 35 | B6: رحمة مصطفى خلف الله حسانين | C6: 25ج القاهرة | D6: الادارى | E6: منسقى البيانات | F6: رئيس فريق عمل | G6: 45285 | I6: 30111210101161 | J6: 1 | K6: 4657.39 | N6: =SUM('11-2025'!$K6:$M6) -> 4657.39 | O6: 3730.8462 | P6: =O6*18.75% -> 699.53365 | Q6: =O6*11% -> 410.39308 | R6: 1666.6667 | S6: =IF(N6-Q6-R6<0,0,N6-Q6-R6) -> 2580.3303 | T6: =IFERROR(S6/J6,0)*12 -> 30963.963 | U6: =IF(T6<=40000,0, IF(T6<=55000,(T6-40000)*10%, IF(T6<=70000,(T6-55000)*15%+1500, IF(T6<=200000,(T6-70000)*20%+1500+2250, IF(T6<=400000,(T6-200000)*22.5%+1500+2250+26000, IF(T6<=600000,(T6-400000)*25%+1500+2250+26000+45000, IF(AND(T6>600000,T6<=1200000),(T6-400000)*25%+1500+2250+26000+45000 +IFERROR(LOOKUP(T6,{600001;700001;800001;900001},{4000;6750;10250;15250}),0),IF(T6>1200000,((T6-1200000)*27.5%)+300000,0) ))))))) -> 0 | V6: =U6/12*J6 -> 0 | W6: =+'11-2025'!$S6-'11-2025'!$V6+'11-2025'!$R6 -> 4246.9969 | X6: =IFERROR(W6/30,"") -> 141.56656 | Y6: 0 | Z6: =IFERROR(+'11-2025'!$X6*'11-2025'!$Y6,"") -> 0 | AA6: 0 | AB6: =IFERROR(+'11-2025'!$X6*'11-2025'!$AA6,"") -> 0 | AC6: 2 | AD6: =IFERROR(+'11-2025'!$X6*'11-2025'!$AC6,"") -> 283.13313 | AE6: 0 | AF6: =IFERROR(+'11-2025'!$X6*'11-2025'!$AE6,"") -> 0 | AG6: 0 | AH6: =IFERROR(+'11-2025'!$X6*'11-2025'!$AG6,"") -> 0 | AI6: 0 | AJ6: =IFERROR('11-2025'!$Z6+'11-2025'!$AB6+'11-2025'!$AD6+'11-2025'!$AF6+'11-2025'!$AH6+'11-2025'!$AI6,"") -> 283.13313 | AK6: =IFERROR('11-2025'!$W6-'11-2025'!$AJ6,"") -> 3963.8638 | AO6: 0 | AR6: 0 | AS6: 0 | AT6: 0 | AU6: 0 | AV6: 0 | AW6: 0 | AX6: 0 | AY6: 0 | AZ6: 0 | BA6: 0 | BB6: 0 | BC6: 0 | BD6: 0 | BE6: 0 | BF6: 0 | BG6: 0 | BH6: 0 | BI6: 0 | BJ6: =BD6+BC6+BB6+BA6+AZ6+AY6+AX6+AW6+AV6+AU6+AT6+AS6+AR6+BE6+BF6+BG6+BH6+BI6 -> 0 | BK6: =BJ6+AM6+AL6+'11-2025'!$N6+AN6+AO6 -> 4657.39 | BL6: ='11-2025'!$O6 -> 3730.8462 | BM6: =BL6*18.75% -> 699.53365 | BN6: =BL6*11% -> 410.39308 | BO6: =+R6 -> 1666.6667 | BP6: =IF(BK6-BN6-BO6<0,0,BK6-BN6-BO6) -> 2580.3303 | BQ6: =IFERROR(BP6/'11-2025'!$J6,0)*12 -> 30963.963 | BR6: =IF(BQ6<=40000,0, IF(BQ6<=55000,(BQ6-40000)*10%, IF(BQ6<=70000,(BQ6-55000)*15%+1500, IF(BQ6<=200000,(BQ6-70000)*20%+1500+2250, IF(BQ6<=400000,(BQ6-200000)*22.5%+1500+2250+26000, IF(BQ6<=600000,(BQ6-400000)*25%+1500+2250+26000+45000, IF(AND(BQ6>600000,BQ6<=1200000),(BQ6-400000)*25%+1500+2250+26000+45000 +IFERROR(LOOKUP(BQ6,{600001;700001;800001;900001},{4000;6750;10250;15250}),0),IF(BQ6>1200000,((BQ6-1200000)*27.5%)+300000,0) ))))))) -> 0 | BS6: =(BR6/12*'11-2025'!$J6) -> 0 | BT6: =BS6-'11-2025'!$V6 -> 0 | BU6: =IFERROR(+'11-2025'!$W6+AL6+AM6+BJ6-'11-2025'!$AJ6-BT6+AN6+AO6,"")-AL6+AP6+AQ6 -> 3963.8638 | BX6: =+BU6-BW6 -> 3963.8638 | BY6: فيزا
A7: 45 | B7: محمد مجدى ربيع عبد الغنى جاد | C7: 20أ القاهرة | D7: التحصيل | E7: بنك الإسكندرية | F7: محاسب | G7: 45400 | I7: 28409261402239 | J7: 1 | K7: 5322.38 | N7: =SUM('11-2025'!$K7:$M7) -> 5322.38 | O7: 5230.7692 | P7: =O7*18.75% -> 980.76923 | Q7: =O7*11% -> 575.38462 | R7: 1666.6667 | S7: =IF(N7-Q7-R7<0,0,N7-Q7-R7) -> 3080.3287 | T7: =IFERROR(S7/J7,0)*12 -> 36963.945 | U7: =IF(T7<=40000,0, IF(T7<=55000,(T7-40000)*10%, IF(T7<=70000,(T7-55000)*15%+1500, IF(T7<=200000,(T7-70000)*20%+1500+2250, IF(T7<=400000,(T7-200000)*22.5%+1500+2250+26000, IF(T7<=600000,(T7-400000)*25%+1500+2250+26000+45000, IF(AND(T7>600000,T7<=1200000),(T7-400000)*25%+1500+2250+26000+45000 +IFERROR(LOOKUP(T7,{600001;700001;800001;900001},{4000;6750;10250;15250}),0),IF(T7>1200000,((T7-1200000)*27.5%)+300000,0) ))))))) -> 0 | V7: =U7/12*J7 -> 0 | W7: =+'11-2025'!$S7-'11-2025'!$V7+'11-2025'!$R7 -> 4746.9954 | X7: =IFERROR(W7/30,"") -> 158.23318 | Y7: 0 | Z7: =IFERROR(+'11-2025'!$X7*'11-2025'!$Y7,"") -> 0 | AA7: 0 | AB7: =IFERROR(+'11-2025'!$X7*'11-2025'!$AA7,"") -> 0 | AC7: 0 | AD7: =IFERROR(+'11-2025'!$X7*'11-2025'!$AC7,"") -> 0 | AE7: 0 | AF7: =IFERROR(+'11-2025'!$X7*'11-2025'!$AE7,"") -> 0 | AG7: 0 | AH7: =IFERROR(+'11-2025'!$X7*'11-2025'!$AG7,"") -> 0 | AI7: 1500 | AJ7: =IFERROR('11-2025'!$Z7+'11-2025'!$AB7+'11-2025'!$AD7+'11-2025'!$AF7+'11-2025'!$AH7+'11-2025'!$AI7,"") -> 1500 | AK7: =IFERROR('11-2025'!$W7-'11-2025'!$AJ7,"") -> 3246.9954 | AO7: 20 | AP7: -83 | AR7: 0 | AS7: 0 | AT7: 0 | AU7: 316.67138 | AV7: 0 | AW7: 0 | AX7: 0 | AY7: 0 | AZ7: 0 | BA7: 0 | BB7: 0 | BC7: 0 | BD7: 0 | BE7: 0 | BF7: 0 | BG7: 0 | BH7: 0 | BI7: 0 | BJ7: =BD7+BC7+BB7+BA7+AZ7+AY7+AX7+AW7+AV7+AU7+AT7+AS7+AR7+BE7+BF7+BG7+BH7+BI7 -> 316.67138 | BK7: =BJ7+AM7+AL7+'11-2025'!$N7+AN7+AO7 -> 5659.0514 | BL7: ='11-2025'!$O7 -> 5230.7692 | BM7: =BL7*18.75% -> 980.76923 | BN7: =BL7*11% -> 575.38462 | BO7: =+R7 -> 1666.6667 | BP7: =IF(BK7-BN7-BO7<0,0,BK7-BN7-BO7) -> 3417.0001 | BQ7: =IFERROR(BP7/'11-2025'!$J7,0)*12 -> 41004.001 | BR7: =IF(BQ7<=40000,0, IF(BQ7<=55000,(BQ7-40000)*10%, IF(BQ7<=70000,(BQ7-55000)*15%+1500, IF(BQ7<=200000,(BQ7-70000)*20%+1500+2250, IF(BQ7<=400000,(BQ7-200000)*22.5%+1500+2250+26000, IF(BQ7<=600000,(BQ7-400000)*25%+1500+2250+26000+45000, IF(AND(BQ7>600000,BQ7<=1200000),(BQ7-400000)*25%+1500+2250+26000+45000 +IFERROR(LOOKUP(BQ7,{600001;700001;800001;900001},{4000;6750;10250;15250}),0),IF(BQ7>1200000,((BQ7-1200000)*27.5%)+300000,0) ))))))) -> 100.40011 | BS7: =(BR7/12*'11-2025'!$J7) -> 8.366676 | BT7: =BS7-'11-2025'!$V7 -> 8.366676 | BU7: =IFERROR(+'11-2025'!$W7+AL7+AM7+BJ7-'11-2025'!$AJ7-BT7+AN7+AO7,"")-AL7+AP7+AQ7 -> 3492.3001 | BV7: خصم قيمة باقة التليفون | BX7: =+BU7-BW7 -> 3492.3001 | BY7: فيزا
A8: 54 | B8: رحاب عبد الهادى احمد بدوى | C8: 25ج القاهرة | D8: التحصيل | E8: شركة وسيلة | F8: نائب كبير مشرفى تحصيل | G8: 45053 | I8: 28706021401264 | J8: 1 | K8: 4753 | N8: =SUM('11-2025'!$K8:$M8) -> 4753 | O8: 5069.2692 | P8: =O8*18.75% -> 950.48798 | Q8: =O8*11% -> 557.61962 | R8: 1666.6667 | S8: =IF(N8-Q8-R8<0,0,N8-Q8-R8) -> 2528.7137 | T8: =IFERROR(S8/J8,0)*12 -> 30344.565 | U8: =IF(T8<=40000,0, IF(T8<=55000,(T8-40000)*10%, IF(T8<=70000,(T8-55000)*15%+1500, IF(T8<=200000,(T8-70000)*20%+1500+2250, IF(T8<=400000,(T8-200000)*22.5%+1500+2250+26000, IF(T8<=600000,(T8-400000)*25%+1500+2250+26000+45000, IF(AND(T8>600000,T8<=1200000),(T8-400000)*25%+1500+2250+26000+45000 +IFERROR(LOOKUP(T8,{600001;700001;800001;900001},{4000;6750;10250;15250}),0),IF(T8>1200000,((T8-1200000)*27.5%)+300000,0) ))))))) -> 0 | V8: =U8/12*J8 -> 0 | W8: =+'11-2025'!$S8-'11-2025'!$V8+'11-2025'!$R8 -> 4195.3804 | X8: =IFERROR(W8/30,"") -> 139.84601 | Y8: 0 | Z8: =IFERROR(+'11-2025'!$X8*'11-2025'!$Y8,"") -> 0 | AA8: 0 | AB8: =IFERROR(+'11-2025'!$X8*'11-2025'!$AA8,"") -> 0 | AC8: 0 | AD8: =IFERROR(+'11-2025'!$X8*'11-2025'!$AC8,"") -> 0 | AE8: 0 | AF8: =IFERROR(+'11-2025'!$X8*'11-2025'!$AE8,"") -> 0 | AG8: 0 | AH8: =IFERROR(+'11-2025'!$X8*'11-2025'!$AG8,"") -> 0 | AI8: 500 | AJ8: =IFERROR('11-2025'!$Z8+'11-2025'!$AB8+'11-2025'!$AD8+'11-2025'!$AF8+'11-2025'!$AH8+'11-2025'!$AI8,"") -> 500 | AK8: =IFERROR('11-2025'!$W8-'11-2025'!$AJ8,"") -> 3695.3804 | AM8: 300 | AO8: 60 | AR8: 0 | AS8: 0 | AT8: 0 | AU8: 0 | AV8: 427.62 | AW8: 0 | AX8: 0 | AY8: 0 | AZ8: 0 | BA8: 0 | BB8: 0 | BC8: 2872.285 | BD8: 5673.46 | BE8: 0 | BF8: 0 | BG8: 0 | BH8: 0 | BI8: 0 | BJ8: =BD8+BC8+BB8+BA8+AZ8+AY8+AX8+AW8+AV8+AU8+AT8+AS8+AR8+BE8+BF8+BG8+BH8+BI8 -> 8973.365 | BK8: =BJ8+AM8+AL8+'11-2025'!$N8+AN8+AO8 -> 14086.365 | BL8: ='11-2025'!$O8 -> 5069.2692 | BM8: =BL8*18.75% -> 950.48798 | BN8: =BL8*11% -> 557.61962 | BO8: =+R8 -> 1666.6667 | BP8: =IF(BK8-BN8-BO8<0,0,BK8-BN8-BO8) -> 11862.079 | BQ8: =IFERROR(BP8/'11-2025'!$J8,0)*12 -> 142344.94 | BR8: =IF(BQ8<=40000,0, IF(BQ8<=55000,(BQ8-40000)*10%, IF(BQ8<=70000,(BQ8-55000)*15%+1500, IF(BQ8<=200000,(BQ8-70000)*20%+1500+2250, IF(BQ8<=400000,(BQ8-200000)*22.5%+1500+2250+26000, IF(BQ8<=600000,(BQ8-400000)*25%+1500+2250+26000+45000, IF(AND(BQ8>600000,BQ8<=1200000),(BQ8-400000)*25%+1500+2250+26000+45000 +IFERROR(LOOKUP(BQ8,{600001;700001;800001;900001},{4000;6750;10250;15250}),0),IF(BQ8>1200000,((BQ8-1200000)*27.5%)+300000,0) ))))))) -> 18218.989 | BS8: =(BR8/12*'11-2025'!$J8) -> 1518.2491 | BT8: =BS8-'11-2025'!$V8 -> 1518.2491 | BU8: =IFERROR(+'11-2025'!$W8+AL8+AM8+BJ8-'11-2025'!$AJ8-BT8+AN8+AO8,"")-AL8+AP8+AQ8 -> 11510.496 | BV8: مكافاة ترشيح | BX8: =+BU8-BW8 -> 11510.496 | BY8: فيزا
A9: 60 | B9: مروة مصطفى على جاد | C9: 25ج القاهرة | D9: التحصيل | E9: مصرف أبو ظبى الاسلامى | F9: مشرف تحصيل | G9: 45062 | I9: 29912120104665 | J9: 1 | K9: 4250.46 | N9: =SUM('11-2025'!$K9:$M9) -> 4250.46 | O9: 4576.9231 | P9: =O9*18.75% -> 858.17308 | Q9: =O9*11% -> 503.46154 | R9: 1666.6667 | S9: =IF(N9-Q9-R9<0,0,N9-Q9-R9) -> 2080.3318 | T9: =IFERROR(S9/J9,0)*12 -> 24963.982 | U9: =IF(T9<=40000,0, IF(T9<=55000,(T9-40000)*10%, IF(T9<=70000,(T9-55000)*15%+1500, IF(T9<=200000,(T9-70000)*20%+1500+2250, IF(T9<=400000,(T9-200000)*22.5%+1500+2250+26000, IF(T9<=600000,(T9-400000)*25%+1500+2250+26000+45000, IF(AND(T9>600000,T9<=1200000),(T9-400000)*25%+1500+2250+26000+45000 +IFERROR(LOOKUP(T9,{600001;700001;800001;900001},{4000;6750;10250;15250}),0),IF(T9>1200000,((T9-1200000)*27.5%)+300000,0) ))))))) -> 0 | V9: =U9/12*J9 -> 0 | W9: =+'11-2025'!$S9-'11-2025'!$V9+'11-2025'!$R9 -> 3746.9985 | X9: =IFERROR(W9/30,"") -> 124.89995 | Y9: 0 | Z9: =IFERROR(+'11-2025'!$X9*'11-2025'!$Y9,"") -> 0 | AA9: 0 | AB9: =IFERROR(+'11-2025'!$X9*'11-2025'!$AA9,"") -> 0 | AC9: 0 | AD9: =IFERROR(+'11-2025'!$X9*'11-2025'!$AC9,"") -> 0 | AE9: 0 | AF9: =IFERROR(+'11-2025'!$X9*'11-2025'!$AE9,"") -> 0 | AG9: 0 | AH9: =IFERROR(+'11-2025'!$X9*'11-2025'!$AG9,"") -> 0 | AI9: 0 | AJ9: =IFERROR('11-2025'!$Z9+'11-2025'!$AB9+'11-2025'!$AD9+'11-2025'!$AF9+'11-2025'!$AH9+'11-2025'!$AI9,"") -> 0 | AK9: =IFERROR('11-2025'!$W9-'11-2025'!$AJ9,"") -> 3746.9985 | AO9: 600 | AR9: 3923.1577 | AS9: 0 | AT9: 0 | AU9: 0 | AV9: 0 | AW9: 0 | AX9: 0 | AY9: 0 | AZ9: 0 | BA9: 0 | BB9: 0 | BC9: 0 | BD9: 0 | BE9: 0 | BF9: 0 | BG9: 0 | BH9: 0 | BI9: 0 | BJ9: =BD9+BC9+BB9+BA9+AZ9+AY9+AX9+AW9+AV9+AU9+AT9+AS9+AR9+BE9+BF9+BG9+BH9+BI9 -> 3923.1577 | BK9: =BJ9+AM9+AL9+'11-2025'!$N9+AN9+AO9 -> 8773.6177 | BL9: ='11-2025'!$O9 -> 4576.9231 | BM9: =BL9*18.75% -> 858.17308 | BN9: =BL9*11% -> 503.46154 | BO9: =+R9 -> 1666.6667 | BP9: =IF(BK9-BN9-BO9<0,0,BK9-BN9-BO9) -> 6603.4895 | BQ9: =IFERROR(BP9/'11-2025'!$J9,0)*12 -> 79241.874 | BR9: =IF(BQ9<=40000,0, IF(BQ9<=55000,(BQ9-40000)*10%, IF(BQ9<=70000,(BQ9-55000)*15%+1500, IF(BQ9<=200000,(BQ9-70000)*20%+1500+2250, IF(BQ9<=400000,(BQ9-200000)*22.5%+1500+2250+26000, IF(BQ9<=600000,(BQ9-400000)*25%+1500+2250+26000+45000, IF(AND(BQ9>600000,BQ9<=1200000),(BQ9-400000)*25%+1500+2250+26000+45000 +IFERROR(LOOKUP(BQ9,{600001;700001;800001;900001},{4000;6750;10250;15250}),0),IF(BQ9>1200000,((BQ9-1200000)*27.5%)+300000,0) ))))))) -> 5598.3748 | BS9: =(BR9/12*'11-2025'!$J9) -> 466.53124 | BT9: =BS9-'11-2025'!$V9 -> 466.53124 | BU9: =IFERROR(+'11-2025'!$W9+AL9+AM9+BJ9-'11-2025'!$AJ9-BT9+AN9+AO9,"")-AL9+AP9+AQ9 -> 7803.6249 | BX9: =+BU9-BW9 -> 7803.6249
A10: 62 | B10: محمد مجدى السيد عبد الدايم | C10: 20أ القاهرة | D10: الادارى | E10: الشئون القانونية | F10: مشرف قضائى | G10: 45066 | I10: 29710280100451 | J10: 1 | K10: 4657.39 | N10: =SUM('11-2025'!$K10:$M10) -> 4657.39 | O10: 3730.8462 | P10: =O10*18.75% -> 699.53365 | Q10: =O10*11% -> 410.39308 | R10: 1666.6667 | S10: =IF(N10-Q10-R10<0,0,N10-Q10-R10) -> 2580.3303 | T10: =IFERROR(S10/J10,0)*12 -> 30963.963 | U10: =IF(T10<=40000,0, IF(T10<=55000,(T10-40000)*10%, IF(T10<=70000,(T10-55000)*15%+1500, IF(T10<=200000,(T10-70000)*20%+1500+2250, IF(T10<=400000,(T10-200000)*22.5%+1500+2250+26000, IF(T10<=600000,(T10-400000)*25%+1500+2250+26000+45000, IF(AND(T10>600000,T10<=1200000),(T10-400000)*25%+1500+2250+26000+45000 +IFERROR(LOOKUP(T10,{600001;700001;800001;900001},{4000;6750;10250;15250}),0),IF(T10>1200000,((T10-1200000)*27.5%)+300000,0) ))))))) -> 0 | V10: =U10/12*J10 -> 0 | W10: =+'11-2025'!$S10-'11-2025'!$V10+'11-2025'!$R10 -> 4246.9969 | X10: =IFERROR(W10/30,"") -> 141.56656 | Y10: 0 | Z10: =IFERROR(+'11-2025'!$X10*'11-2025'!$Y10,"") -> 0 | AA10: 0 | AB10: =IFERROR(+'11-2025'!$X10*'11-2025'!$AA10,"") -> 0 | AC10: 0 | AD10: =IFERROR(+'11-2025'!$X10*'11-2025'!$AC10,"") -> 0 | AE10: 0 | AF10: =IFERROR(+'11-2025'!$X10*'11-2025'!$AE10,"") -> 0 | AG10: 0 | AH10: =IFERROR(+'11-2025'!$X10*'11-2025'!$AG10,"") -> 0 | AI10: 0 | AJ10: =IFERROR('11-2025'!$Z10+'11-2025'!$AB10+'11-2025'!$AD10+'11-2025'!$AF10+'11-2025'!$AH10+'11-2025'!$AI10,"") -> 0 | AK10: =IFERROR('11-2025'!$W10-'11-2025'!$AJ10,"") -> 4246.9969 | AM10: 500 | AO10: 140 | AP10: 283.13313 | AR10: 0 | AS10: 0 | AT10: 0 | AU10: 0 | AV10: 0 | AW10: 0 | AX10: 275 | AY10: 215 | AZ10: 0 | BA10: 0 | BB10: 165 | BC10: 0 | BD10: 0 | BE10: 0 | BF10: 115 | BG10: 0 | BH10: 0 | BI10: 35 | BJ10: =BD10+BC10+BB10+BA10+AZ10+AY10+AX10+AW10+AV10+AU10+AT10+AS10+AR10+BE10+BF10+BG10+BH10+BI10 -> 805 | BK10: =BJ10+AM10+AL10+'11-2025'!$N10+AN10+AO10 -> 6102.39 | BL10: ='11-2025'!$O10 -> 3730.8462 | BM10: =BL10*18.75% -> 699.53365 | BN10: =BL10*11% -> 410.39308 | BO10: =+R10 -> 1666.6667 | BP10: =IF(BK10-BN10-BO10<0,0,BK10-BN10-BO10) -> 4025.3303 | BQ10: =IFERROR(BP10/'11-2025'!$J10,0)*12 -> 48303.963 | BR10: =IF(BQ10<=40000,0, IF(BQ10<=55000,(BQ10-40000)*10%, IF(BQ10<=70000,(BQ10-55000)*15%+1500, IF(BQ10<=200000,(BQ10-70000)*20%+1500+2250, IF(BQ10<=400000,(BQ10-200000)*22.5%+1500+2250+26000, IF(BQ10<=600000,(BQ10-400000)*25%+1500+2250+26000+45000, IF(AND(BQ10>600000,BQ10<=1200000),(BQ10-400000)*25%+1500+2250+26000+45000 +IFERROR(LOOKUP(BQ10,{600001;700001;800001;900001},{4000;6750;10250;15250}),0),IF(BQ10>1200000,((BQ10-1200000)*27.5%)+300000,0) ))))))) -> 830.39631 | BS10: =(BR10/12*'11-2025'!$J10) -> 69.199692 | BT10: =BS10-'11-2025'!$V10 -> 69.199692 | BU10: =IFERROR(+'11-2025'!$W10+AL10+AM10+BJ10-'11-2025'!$AJ10-BT10+AN10+AO10,"")-AL10+AP10+AQ10 -> 5905.9304 | BV10: عدد 2 يوم بدل حضور يوم الجمعه + مكافأة تحرير إنذارات شركة وسيلة | BX10: =+BU10-BW10 -> 5905.9304 | BY10: فيزا
A11: 64 | B11: تريز سامى رزق شحاته | C11: 20أ القاهرة | D11: الادارى | E11: الموارد البشرية | F11: مدير موارد بشرية | G11: 45081 | I11: 28712200101702 | J11: 1 | K11: 8997.18 | N11: =SUM('11-2025'!$K11:$M11) -> 8997.18 | O11: 5230 | P11: =O11*18.75% -> 980.625 | Q11: =O11*11% -> 575.3 | R11: 1666.6667 | S11: =IF(N11-Q11-R11<0,0,N11-Q11-R11) -> 6755.2133 | T11: =IFERROR(S11/J11,0)*12 -> 81062.56 | U11: =IF(T11<=40000,0, IF(T11<=55000,(T11-40000)*10%, IF(T11<=70000,(T11-55000)*15%+1500, IF(T11<=200000,(T11-70000)*20%+1500+2250, IF(T11<=400000,(T11-200000)*22.5%+1500+2250+26000, IF(T11<=600000,(T11-400000)*25%+1500+2250+26000+45000, IF(AND(T11>600000,T11<=1200000),(T11-400000)*25%+1500+2250+26000+45000 +IFERROR(LOOKUP(T11,{600001;700001;800001;900001},{4000;6750;10250;15250}),0),IF(T11>1200000,((T11-1200000)*27.5%)+300000,0) ))))))) -> 5962.512 | V11: =U11/12*J11 -> 496.876 | W11: =+'11-2025'!$S11-'11-2025'!$V11+'11-2025'!$R11 -> 7925.004 | X11: =IFERROR(W11/30,"") -> 264.1668 | Y11: 0 | Z11: =IFERROR(+'11-2025'!$X11*'11-2025'!$Y11,"") -> 0 | AA11: 0 | AB11: =IFERROR(+'11-2025'!$X11*'11-2025'!$AA11,"") -> 0 | AC11: 1.5 | AD11: =IFERROR(+'11-2025'!$X11*'11-2025'!$AC11,"") -> 396.2502 | AE11: 0 | AF11: =IFERROR(+'11-2025'!$X11*'11-2025'!$AE11,"") -> 0 | AG11: 2.25 | AH11: =IFERROR(+'11-2025'!$X11*'11-2025'!$AG11,"") -> 594.3753 | AI11: 0 | AJ11: =IFERROR('11-2025'!$Z11+'11-2025'!$AB11+'11-2025'!$AD11+'11-2025'!$AF11+'11-2025'!$AH11+'11-2025'!$AI11,"") -> 990.6255 | AK11: =IFERROR('11-2025'!$W11-'11-2025'!$AJ11,"") -> 6934.3785 | AO11: 0 | AR11: 0 | AS11: 0 | AT11: 0 | AU11: 0 | AV11: 0 | AW11: 0 | AX11: 0 | AY11: 0 | AZ11: 0 | BA11: 0 | BB11: 0 | BC11: 0 | BD11: 0 | BE11: 0 | BF11: 0 | BG11: 0 | BH11: 0 | BI11: 0 | BJ11: =BD11+BC11+BB11+BA11+AZ11+AY11+AX11+AW11+AV11+AU11+AT11+AS11+AR11+BE11+BF11+BG11+BH11+BI11 -> 0 | BK11: =BJ11+AM11+AL11+'11-2025'!$N11+AN11+AO11 -> 8997.18 | BL11: ='11-2025'!$O11 -> 5230 | BM11: =BL11*18.75% -> 980.625 | BN11: =BL11*11% -> 575.3 | BO11: =+R11 -> 1666.6667 | BP11: =IF(BK11-BN11-BO11<0,0,BK11-BN11-BO11) -> 6755.2133 | BQ11: =IFERROR(BP11/'11-2025'!$J11,0)*12 -> 81062.56 | BR11: =IF(BQ11<=40000,0, IF(BQ11<=55000,(BQ11-40000)*10%, IF(BQ11<=70000,(BQ11-55000)*15%+1500, IF(BQ11<=200000,(BQ11-70000)*20%+1500+2250, IF(BQ11<=400000,(BQ11-200000)*22.5%+1500+2250+26000, IF(BQ11<=600000,(BQ11-400000)*25%+1500+2250+26000+45000, IF(AND(BQ11>600000,BQ11<=1200000),(BQ11-400000)*25%+1500+2250+26000+45000 +IFERROR(LOOKUP(BQ11,{600001;700001;800001;900001},{4000;6750;10250;15250}),0),IF(BQ11>1200000,((BQ11-1200000)*27.5%)+300000,0) ))))))) -> 5962.512 | BS11: =(BR11/12*'11-2025'!$J11) -> 496.876 | BT11: =BS11-'11-2025'!$V11 -> 0 | BU11: =IFERROR(+'11-2025'!$W11+AL11+AM11+BJ11-'11-2025'!$AJ11-BT11+AN11+AO11,"")-AL11+AP11+AQ11 -> 6934.3785 | BX11: =+BU11-BW11 -> 6934.3785 | BY11: فيزا
A12: 71 | B12: ندى محمد سعد محمد | C12: 20أ القاهرة | D12: التحصيل | E12: شركة حالا | F12: رئيس فريق عمل | G12: 45081 | I12: 30110042101308 | J12: 1 | K12: 3214.5 | N12: =SUM('11-2025'!$K12:$M12) -> 3214.5 | O12: 4250 | P12: =O12*18.75% -> 796.875 | Q12: =O12*11% -> 467.5 | R12: 1666.6667 | S12: =IF(N12-Q12-R12<0,0,N12-Q12-R12) -> 1080.3333 | T12: =IFERROR(S12/J12,0)*12 -> 12964 | U12: =IF(T12<=40000,0, IF(T12<=55000,(T12-40000)*10%, IF(T12<=70000,(T12-55000)*15%+1500, IF(T12<=200000,(T12-70000)*20%+1500+2250, IF(T12<=400000,(T12-200000)*22.5%+1500+2250+26000, IF(T12<=600000,(T12-400000)*25%+1500+2250+26000+45000, IF(AND(T12>600000,T12<=1200000),(T12-400000)*25%+1500+2250+26000+45000 +IFERROR(LOOKUP(T12,{600001;700001;800001;900001},{4000;6750;10250;15250}),0),IF(T12>1200000,((T12-1200000)*27.5%)+300000,0) ))))))) -> 0 | V12: =U12/12*J12 -> 0 | W12: =+'11-2025'!$S12-'11-2025'!$V12+'11-2025'!$R12 -> 2747 | X12: =IFERROR(W12/30,"") -> 91.566667 | Y12: 0 | Z12: =IFERROR(+'11-2025'!$X12*'11-2025'!$Y12,"") -> 0 | AA12: 0 | AB12: =IFERROR(+'11-2025'!$X12*'11-2025'!$AA12,"") -> 0 | AC12: 0 | AD12: =IFERROR(+'11-2025'!$X12*'11-2025'!$AC12,"") -> 0 | AE12: 0 | AF12: =IFERROR(+'11-2025'!$X12*'11-2025'!$AE12,"") -> 0 | AG12: 0 | AH12: =IFERROR(+'11-2025'!$X12*'11-2025'!$AG12,"") -> 0 | AI12: 1500 | AJ12: =IFERROR('11-2025'!$Z12+'11-2025'!$AB12+'11-2025'!$AD12+'11-2025'!$AF12+'11-2025'!$AH12+'11-2025'!$AI12,"") -> 1500 | AK12: =IFERROR('11-2025'!$W12-'11-2025'!$AJ12,"") -> 1247 | AM12: 500 | AO12: 20 | AR12: 0 | AS12: 2753.735 | AT12: 0 | AU12: 0 | AV12: 0 | AW12: 0 | AX12: 0 | AY12: 0 | AZ12: 0 | BA12: 0 | BB12: 0 | BC12: 0 | BD12: 0 | BE12: 0 | BF12: 0 | BG12: 0 | BH12: 0 | BI12: 0 | BJ12: =BD12+BC12+BB12+BA12+AZ12+AY12+AX12+AW12+AV12+AU12+AT12+AS12+AR12+BE12+BF12+BG12+BH12+BI12 -> 2753.735 | BK12: =BJ12+AM12+AL12+'11-2025'!$N12+AN12+AO12 -> 6488.235 | BL12: ='11-2025'!$O12 -> 4250 | BM12: =BL12*18.75% -> 796.875 | BN12: =BL12*11% -> 467.5 | BO12: =+R12 -> 1666.6667 | BP12: =IF(BK12-BN12-BO12<0,0,BK12-BN12-BO12) -> 4354.0683 | BQ12: =IFERROR(BP12/'11-2025'!$J12,0)*12 -> 52248.82 | BR12: =IF(BQ12<=40000,0, IF(BQ12<=55000,(BQ12-40000)*10%, IF(BQ12<=70000,(BQ12-55000)*15%+1500, IF(BQ12<=200000,(BQ12-70000)*20%+1500+2250, IF(BQ12<=400000,(BQ12-200000)*22.5%+1500+2250+26000, IF(BQ12<=600000,(BQ12-400000)*25%+1500+2250+26000+45000, IF(AND(BQ12>600000,BQ12<=1200000),(BQ12-400000)*25%+1500+2250+26000+45000 +IFERROR(LOOKUP(BQ12,{600001;700001;800001;900001},{4000;6750;10250;15250}),0),IF(BQ12>1200000,((BQ12-1200000)*27.5%)+300000,0) ))))))) -> 1224.882 | BS12: =(BR12/12*'11-2025'!$J12) -> 102.0735 | BT12: =BS12-'11-2025'!$V12 -> 102.0735 | BU12: =IFERROR(+'11-2025'!$W12+AL12+AM12+BJ12-'11-2025'!$AJ12-BT12+AN12+AO12,"")-AL12+AP12+AQ12 -> 4418.6615 | BV12: مكافاة اشراف | BX12: =+BU12-BW12 -> 4418.6615 | BY12: فيزا
A13: 83 | B13: حبيبه احمد سلطان منصور عويس | C13: 20أ القاهرة | D13: التحصيل | E13: شركة مانى فيللوز | F13: مشرف تحصيل | G13: 45111 | I13: 30312060105762 | J13: 1 | K13: 4000 | N13: =SUM('11-2025'!$K13:$M13) -> 4000 | O13: 4000 | P13: =O13*18.75% -> 750 | Q13: =O13*11% -> 440 | R13: 1666.6667 | S13: =IF(N13-Q13-R13<0,0,N13-Q13-R13) -> 1893.3333 | T13: =IFERROR(S13/J13,0)*12 -> 22720 | U13: =IF(T13<=40000,0, IF(T13<=55000,(T13-40000)*10%, IF(T13<=70000,(T13-55000)*15%+1500, IF(T13<=200000,(T13-70000)*20%+1500+2250, IF(T13<=400000,(T13-200000)*22.5%+1500+2250+26000, IF(T13<=600000,(T13-400000)*25%+1500+2250+26000+45000, IF(AND(T13>600000,T13<=1200000),(T13-400000)*25%+1500+2250+26000+45000 +IFERROR(LOOKUP(T13,{600001;700001;800001;900001},{4000;6750;10250;15250}),0),IF(T13>1200000,((T13-1200000)*27.5%)+300000,0) ))))))) -> 0 | V13: =U13/12*J13 -> 0 | W13: =+'11-2025'!$S13-'11-2025'!$V13+'11-2025'!$R13 -> 3560 | X13: =IFERROR(W13/30,"") -> 118.66667 | Y13: 0 | Z13: =IFERROR(+'11-2025'!$X13*'11-2025'!$Y13,"") -> 0 | AA13: 0 | AB13: =IFERROR(+'11-2025'!$X13*'11-2025'!$AA13,"") -> 0 | AC13: 0 | AD13: =IFERROR(+'11-2025'!$X13*'11-2025'!$AC13,"") -> 0 | AE13: 0 | AF13: =IFERROR(+'11-2025'!$X13*'11-2025'!$AE13,"") -> 0 | AG13: 0 | AH13: =IFERROR(+'11-2025'!$X13*'11-2025'!$AG13,"") -> 0 | AI13: 0 | AJ13: =IFERROR('11-2025'!$Z13+'11-2025'!$AB13+'11-2025'!$AD13+'11-2025'!$AF13+'11-2025'!$AH13+'11-2025'!$AI13,"") -> 0 | AK13: =IFERROR('11-2025'!$W13-'11-2025'!$AJ13,"") -> 3560 | AO13: 20 | AR13: 0 | AS13: 0 | AT13: 0 | AU13: 0 | AV13: 0 | AW13: 4040.3225 | AX13: 0 | AY13: 0 | AZ13: 0 | BA13: 0 | BB13: 0 | BC13: 0 | BD13: 0 | BE13: 0 | BF13: 0 | BG13: 0 | BH13: 0 | BI13: 0 | BJ13: =BD13+BC13+BB13+BA13+AZ13+AY13+AX13+AW13+AV13+AU13+AT13+AS13+AR13+BE13+BF13+BG13+BH13+BI13 -> 4040.3225 | BK13: =BJ13+AM13+AL13+'11-2025'!$N13+AN13+AO13 -> 8060.3225 | BL13: ='11-2025'!$O13 -> 4000 | BM13: =BL13*18.75% -> 750 | BN13: =BL13*11% -> 440 | BO13: =+R13 -> 1666.6667 | BP13: =IF(BK13-BN13-BO13<0,0,BK13-BN13-BO13) -> 5953.6558 | BQ13: =IFERROR(BP13/'11-2025'!$J13,0)*12 -> 71443.87 | BR13: =IF(BQ13<=40000,0, IF(BQ13<=55000,(BQ13-40000)*10%, IF(BQ13<=70000,(BQ13-55000)*15%+1500, IF(BQ13<=200000,(BQ13-70000)*20%+1500+2250, IF(BQ13<=400000,(BQ13-200000)*22.5%+1500+2250+26000, IF(BQ13<=600000,(BQ13-400000)*25%+1500+2250+26000+45000, IF(AND(BQ13>600000,BQ13<=1200000),(BQ13-400000)*25%+1500+2250+26000+45000 +IFERROR(LOOKUP(BQ13,{600001;700001;800001;900001},{4000;6750;10250;15250}),0),IF(BQ13>1200000,((BQ13-1200000)*27.5%)+300000,0) ))))))) -> 4038.774 | BS13: =(BR13/12*'11-2025'!$J13) -> 336.5645 | BT13: =BS13-'11-2025'!$V13 -> 336.5645 | BU13: =IFERROR(+'11-2025'!$W13+AL13+AM13+BJ13-'11-2025'!$AJ13-BT13+AN13+AO13,"")-AL13+AP13+AQ13 -> 7283.758 | BX13: =+BU13-BW13 -> 7283.758 | BY13: فيزا
A14: 97 | B14: ندى محمد محمود عبد المقصود | C14: 20أ القاهرة | D14: التحصيل | E14: بنك الإسكندرية | F14: وكيل تحصيل هاتفى | G14: 45811 | H14: 45954 | I14: 30106051400523 | J14: 1 | K14: 2500 | N14: =SUM('11-2025'!$K14:$M14) -> 2500 | P14: =O14*18.75% -> 0 | Q14: =O14*11% -> 0 | R14: 1666.6667 | S14: =IF(N14-Q14-R14<0,0,N14-Q14-R14) -> 833.33333 | T14: =IFERROR(S14/J14,0)*12 -> 10000 | U14: =IF(T14<=40000,0, IF(T14<=55000,(T14-40000)*10%, IF(T14<=70000,(T14-55000)*15%+1500, IF(T14<=200000,(T14-70000)*20%+1500+2250, IF(T14<=400000,(T14-200000)*22.5%+1500+2250+26000, IF(T14<=600000,(T14-400000)*25%+1500+2250+26000+45000, IF(AND(T14>600000,T14<=1200000),(T14-400000)*25%+1500+2250+26000+45000 +IFERROR(LOOKUP(T14,{600001;700001;800001;900001},{4000;6750;10250;15250}),0),IF(T14>1200000,((T14-1200000)*27.5%)+300000,0) ))))))) -> 0 | V14: =U14/12*J14 -> 0 | W14: =+'11-2025'!$S14-'11-2025'!$V14+'11-2025'!$R14 -> 2500 | X14: =IFERROR(W14/30,"") -> 83.333333 | Z14: =IFERROR(+'11-2025'!$X14*'11-2025'!$Y14,"") -> 0 | AA14: 0 | AB14: =IFERROR(+'11-2025'!$X14*'11-2025'!$AA14,"") -> 0 | AC14: 30 | AD14: =IFERROR(+'11-2025'!$X14*'11-2025'!$AC14,"") -> 2500 | AE14: 0 | AF14: =IFERROR(+'11-2025'!$X14*'11-2025'!$AE14,"") -> 0 | AH14: =IFERROR(+'11-2025'!$X14*'11-2025'!$AG14,"") -> 0 | AI14: 0 | AJ14: =IFERROR('11-2025'!$Z14+'11-2025'!$AB14+'11-2025'!$AD14+'11-2025'!$AF14+'11-2025'!$AH14+'11-2025'!$AI14,"") -> 2500 | AK14: =IFERROR('11-2025'!$W14-'11-2025'!$AJ14,"") -> 0 | AR14: 0 | AS14: 0 | AT14: 0 | AU14: 0 | AV14: 0 | AW14: 0 | AX14: 0 | AY14: 0 | AZ14: 0 | BA14: 0 | BB14: 0 | BC14: 0 | BD14: 0 | BE14: 0 | BF14: 0 | BG14: 0 | BH14: 0 | BI14: 0 | BJ14: =BD14+BC14+BB14+BA14+AZ14+AY14+AX14+AW14+AV14+AU14+AT14+AS14+AR14+BE14+BF14+BG14+BH14+BI14 -> 0 | BK14: =BJ14+AM14+AL14+'11-2025'!$N14+AN14+AO14 -> 2500 | BL14: ='11-2025'!$O14 -> 0 | BM14: =BL14*18.75% -> 0 | BN14: =BL14*11% -> 0 | BO14: =+R14 -> 1666.6667 | BP14: =IF(BK14-BN14-BO14<0,0,BK14-BN14-BO14) -> 833.33333 | BQ14: =IFERROR(BP14/'11-2025'!$J14,0)*12 -> 10000 | BR14: =IF(BQ14<=40000,0, IF(BQ14<=55000,(BQ14-40000)*10%, IF(BQ14<=70000,(BQ14-55000)*15%+1500, IF(BQ14<=200000,(BQ14-70000)*20%+1500+2250, IF(BQ14<=400000,(BQ14-200000)*22.5%+1500+2250+26000, IF(BQ14<=600000,(BQ14-400000)*25%+1500+2250+26000+45000, IF(AND(BQ14>600000,BQ14<=1200000),(BQ14-400000)*25%+1500+2250+26000+45000 +IFERROR(LOOKUP(BQ14,{600001;700001;800001;900001},{4000;6750;10250;15250}),0),IF(BQ14>1200000,((BQ14-1200000)*27.5%)+300000,0) ))))))) -> 0 | BS14: =(BR14/12*'11-2025'!$J14) -> 0 | BT14: =BS14-'11-2025'!$V14 -> 0 | BU14: =IFERROR(+'11-2025'!$W14+AL14+AM14+BJ14-'11-2025'!$AJ14-BT14+AN14+AO14,"")-AL14+AP14+AQ14 -> 0 | BX14: =+BU14-BW14 -> 0
A15: 119 | B15: مصطفى جميل عبد الفتاح محمد شاهين | C15: 20أ القاهرة | D15: التحصيل | E15: شركة سفن | F15: رئيس فريق عمل | G15: 45326 | I15: 30302090103319 | J15: 1 | K15: 3750.46 | N15: =SUM('11-2025'!$K15:$M15) -> 3750.46 | O15: 4576.9231 | P15: =O15*18.75% -> 858.17308 | Q15: =O15*11% -> 503.46154 | R15: 1666.6667 | S15: =IF(N15-Q15-R15<0,0,N15-Q15-R15) -> 1580.3318 | T15: =IFERROR(S15/J15,0)*12 -> 18963.982 | U15: =IF(T15<=40000,0, IF(T15<=55000,(T15-40000)*10%, IF(T15<=70000,(T15-55000)*15%+1500, IF(T15<=200000,(T15-70000)*20%+1500+2250, IF(T15<=400000,(T15-200000)*22.5%+1500+2250+26000, IF(T15<=600000,(T15-400000)*25%+1500+2250+26000+45000, IF(AND(T15>600000,T15<=1200000),(T15-400000)*25%+1500+2250+26000+45000 +IFERROR(LOOKUP(T15,{600001;700001;800001;900001},{4000;6750;10250;15250}),0),IF(T15>1200000,((T15-1200000)*27.5%)+300000,0) ))))))) -> 0 | V15: =U15/12*J15 -> 0 | W15: =+'11-2025'!$S15-'11-2025'!$V15+'11-2025'!$R15 -> 3246.9985 | X15: =IFERROR(W15/30,"") -> 108.23328 | Y15: 0 | Z15: =IFERROR(+'11-2025'!$X15*'11-2025'!$Y15,"") -> 0 | AA15: 0 | AB15: =IFERROR(+'11-2025'!$X15*'11-2025'!$AA15,"") -> 0 | AC15: 0 | AD15: =IFERROR(+'11-2025'!$X15*'11-2025'!$AC15,"") -> 0 | AE15: 0 | AF15: =IFERROR(+'11-2025'!$X15*'11-2025'!$AE15,"") -> 0 | AG15: 0 | AH15: =IFERROR(+'11-2025'!$X15*'11-2025'!$AG15,"") -> 0 | AI15: 2500 | AJ15: =IFERROR('11-2025'!$Z15+'11-2025'!$AB15+'11-2025'!$AD15+'11-2025'!$AF15+'11-2025'!$AH15+'11-2025'!$AI15,"") -> 2500 | AK15: =IFERROR('11-2025'!$W15-'11-2025'!$AJ15,"") -> 746.99846 | AM15: 500 | AO15: 60 | AR15: 0 | AS15: 0 | AT15: 3557.216 | AU15: 0 | AV15: 0 | AW15: 0 | AX15: 0 | AY15: 0 | AZ15: 0 | BA15: 0 | BB15: 0 | BC15: 0 | BD15: 0 | BE15: 0 | BF15: 0 | BG15: 1289 | BH15: 0 | BI15: 0 | BJ15: =BD15+BC15+BB15+BA15+AZ15+AY15+AX15+AW15+AV15+AU15+AT15+AS15+AR15+BE15+BF15+BG15+BH15+BI15 -> 4846.216 | BK15: =BJ15+AM15+AL15+'11-2025'!$N15+AN15+AO15 -> 9156.676 | BL15: ='11-2025'!$O15 -> 4576.9231 | BM15: =BL15*18.75% -> 858.17308 | BN15: =BL15*11% -> 503.46154 | BO15: =+R15 -> 1666.6667 | BP15: =IF(BK15-BN15-BO15<0,0,BK15-BN15-BO15) -> 6986.5478 | BQ15: =IFERROR(BP15/'11-2025'!$J15,0)*12 -> 83838.573 | BR15: =IF(BQ15<=40000,0, IF(BQ15<=55000,(BQ15-40000)*10%, IF(BQ15<=70000,(BQ15-55000)*15%+1500, IF(BQ15<=200000,(BQ15-70000)*20%+1500+2250, IF(BQ15<=400000,(BQ15-200000)*22.5%+1500+2250+26000, IF(BQ15<=600000,(BQ15-400000)*25%+1500+2250+26000+45000, IF(AND(BQ15>600000,BQ15<=1200000),(BQ15-400000)*25%+1500+2250+26000+45000 +IFERROR(LOOKUP(BQ15,{600001;700001;800001;900001},{4000;6750;10250;15250}),0),IF(BQ15>1200000,((BQ15-1200000)*27.5%)+300000,0) ))))))) -> 6517.7147 | BS15: =(BR15/12*'11-2025'!$J15) -> 543.14289 | BT15: =BS15-'11-2025'!$V15 -> 543.14289 | BU15: =IFERROR(+'11-2025'!$W15+AL15+AM15+BJ15-'11-2025'!$AJ15-BT15+AN15+AO15,"")-AL15+AP15+AQ15 -> 5610.0716 | BV15: مكافاة اشراف | BX15: =+BU15-BW15 -> 5610.0716 | BY15: فيزا
A16: 129 | B16: نانسى يوسف عزيز يوسف | C16: المنصورة | D16: الادارى | E16: الشئون القانونية | F16: نائب مدير الإدارة القانونية | G16: 45150 | I16: 28908081201843 | J16: 1 | K16: 5322.38 | N16: =SUM('11-2025'!$K16:$M16) -> 5322.38 | O16: 5230.7692 | P16: =O16*18.75% -> 980.76923 | Q16: =O16*11% -> 575.38462 | R16: 1666.6667 | S16: =IF(N16-Q16-R16<0,0,N16-Q16-R16) -> 3080.3287 | T16: =IFERROR(S16/J16,0)*12 -> 36963.945 | U16: =IF(T16<=40000,0, IF(T16<=55000,(T16-40000)*10%, IF(T16<=70000,(T16-55000)*15%+1500, IF(T16<=200000,(T16-70000)*20%+1500+2250, IF(T16<=400000,(T16-200000)*22.5%+1500+2250+26000, IF(T16<=600000,(T16-400000)*25%+1500+2250+26000+45000, IF(AND(T16>600000,T16<=1200000),(T16-400000)*25%+1500+2250+26000+45000 +IFERROR(LOOKUP(T16,{600001;700001;800001;900001},{4000;6750;10250;15250}),0),IF(T16>1200000,((T16-1200000)*27.5%)+300000,0) ))))))) -> 0 | V16: =U16/12*J16 -> 0 | W16: =+'11-2025'!$S16-'11-2025'!$V16+'11-2025'!$R16 -> 4746.9954 | X16: =IFERROR(W16/30,"") -> 158.23318 | Y16: 0 | Z16: =IFERROR(+'11-2025'!$X16*'11-2025'!$Y16,"") -> 0 | AA16: 0 | AB16: =IFERROR(+'11-2025'!$X16*'11-2025'!$AA16,"") -> 0 | AC16: 0 | AD16: =IFERROR(+'11-2025'!$X16*'11-2025'!$AC16,"") -> 0 | AE16: 0 | AF16: =IFERROR(+'11-2025'!$X16*'11-2025'!$AE16,"") -> 0 | AG16: 0 | AH16: =IFERROR(+'11-2025'!$X16*'11-2025'!$AG16,"") -> 0 | AI16: 0 | AJ16: =IFERROR('11-2025'!$Z16+'11-2025'!$AB16+'11-2025'!$AD16+'11-2025'!$AF16+'11-2025'!$AH16+'11-2025'!$AI16,"") -> 0 | AK16: =IFERROR('11-2025'!$W16-'11-2025'!$AJ16,"") -> 4746.9954 | AO16: 0 | AR16: 0 | AS16: 0 | AT16: 0 | AU16: 0 | AV16: 0 | AW16: 0 | AX16: 0 | AY16: 0 | AZ16: 0 | BA16: 385 | BB16: 0 | BC16: 0 | BD16: 0 | BE16: 0 | BF16: 0 | BG16: 0 | BH16: 0 | BI16: 0 | BJ16: =BD16+BC16+BB16+BA16+AZ16+AY16+AX16+AW16+AV16+AU16+AT16+AS16+AR16+BE16+BF16+BG16+BH16+BI16 -> 385 | BK16: =BJ16+AM16+AL17+'11-2025'!$N16+AN16+AO16 -> 5707.38 | BL16: ='11-2025'!$O16 -> 5230.7692 | BM16: =BL16*18.75% -> 980.76923 | BN16: =BL16*11% -> 575.38462 | BO16: =+R16 -> 1666.6667 | BP16: =IF(BK16-BN16-BO16<0,0,BK16-BN16-BO16) -> 3465.3287 | BQ16: =IFERROR(BP16/'11-2025'!$J16,0)*12 -> 41583.945 | BR16: =IF(BQ16<=40000,0, IF(BQ16<=55000,(BQ16-40000)*10%, IF(BQ16<=70000,(BQ16-55000)*15%+1500, IF(BQ16<=200000,(BQ16-70000)*20%+1500+2250, IF(BQ16<=400000,(BQ16-200000)*22.5%+1500+2250+26000, IF(BQ16<=600000,(BQ16-400000)*25%+1500+2250+26000+45000, IF(AND(BQ16>600000,BQ16<=1200000),(BQ16-400000)*25%+1500+2250+26000+45000 +IFERROR(LOOKUP(BQ16,{600001;700001;800001;900001},{4000;6750;10250;15250}),0),IF(BQ16>1200000,((BQ16-1200000)*27.5%)+300000,0) ))))))) -> 158.39446 | BS16: =(BR16/12*'11-2025'!$J16) -> 13.199538 | BT16: =BS16-'11-2025'!$V16 -> 13.199538 | BU16: =IFERROR(+'11-2025'!$W16+AL16+AM16+BJ16-'11-2025'!$AJ16-BT16+AN16+AO16,"")-AL16+AP16+AQ16 -> 5118.7958 | BX16: =+BU16-BW16 -> 5118.7958 | BY16: فيزا
A17: 131 | B17: امانى طارق إبراهيم عبد الحميد | C17: المنصورة | D17: الادارى | E17: منسقى البيانات | F17: رئيس فريق عمل | G17: 45145 | I17: 29501011262064 | J17: 1 | K17: 4644.73 | N17: =SUM('11-2025'!$K17:$M17) -> 4644.73 | O17: 3615.7692 | P17: =O17*18.75% -> 677.95673 | Q17: =O17*11% -> 397.73462 | R17: 1666.6667 | S17: =IF(N17-Q17-R17<0,0,N17-Q17-R17) -> 2580.3287 | T17: =IFERROR(S17/J17,0)*12 -> 30963.945 | U17: =IF(T17<=40000,0, IF(T17<=55000,(T17-40000)*10%, IF(T17<=70000,(T17-55000)*15%+1500, IF(T17<=200000,(T17-70000)*20%+1500+2250, IF(T17<=400000,(T17-200000)*22.5%+1500+2250+26000, IF(T17<=600000,(T17-400000)*25%+1500+2250+26000+45000, IF(AND(T17>600000,T17<=1200000),(T17-400000)*25%+1500+2250+26000+45000 +IFERROR(LOOKUP(T17,{600001;700001;800001;900001},{4000;6750;10250;15250}),0),IF(T17>1200000,((T17-1200000)*27.5%)+300000,0) ))))))) -> 0 | V17: =U17/12*J17 -> 0 | W17: =+'11-2025'!$S17-'11-2025'!$V17+'11-2025'!$R17 -> 4246.9954 | X17: =IFERROR(W17/30,"") -> 141.56651 | Y17: 0 | Z17: =IFERROR(+'11-2025'!$X17*'11-2025'!$Y17,"") -> 0 | AA17: 0 | AB17: =IFERROR(+'11-2025'!$X17*'11-2025'!$AA17,"") -> 0 | AC17: 0 | AD17: =IFERROR(+'11-2025'!$X17*'11-2025'!$AC17,"") -> 0 | AE17: 0 | AF17: =IFERROR(+'11-2025'!$X17*'11-2025'!$AE17,"") -> 0 | AG17: 0 | AH17: =IFERROR(+'11-2025'!$X17*'11-2025'!$AG17,"") -> 0 | AI17: 0 | AJ17: =IFERROR('11-2025'!$Z17+'11-2025'!$AB17+'11-2025'!$AD17+'11-2025'!$AF17+'11-2025'!$AH17+'11-2025'!$AI17,"") -> 0 | AK17: =IFERROR('11-2025'!$W17-'11-2025'!$AJ17,"") -> 4246.9954 | AO17: 80 | AR17: 0 | AS17: 0 | AT17: 0 | AU17: 0 | AV17: 0 | AW17: 0 | AX17: 0 | AY17: 0 | AZ17: 0 | BA17: 0 | BB17: 0 | BC17: 0 | BD17: 0 | BE17: 0 | BF17: 0 | BG17: 0 | BH17: 0 | BI17: 0 | BJ17: =BD17+BC17+BB17+BA17+AZ17+AY17+AX17+AW17+AV17+AU17+AT17+AS17+AR17+BE17+BF17+BG17+BH17+BI17 -> 0 | BK17: =BJ17+AM17+AL18+'11-2025'!$N17+AN17+AO17 -> 4724.73 | BL17: ='11-2025'!$O17 -> 3615.7692 | BM17: =BL17*18.75% -> 677.95673 | BN17: =BL17*11% -> 397.73462 | BO17: =+R17 -> 1666.6667 | BP17: =IF(BK17-BN17-BO17<0,0,BK17-BN17-BO17) -> 2660.3287 | BQ17: =IFERROR(BP17/'11-2025'!$J17,0)*12 -> 31923.945 | BR17: =IF(BQ17<=40000,0, IF(BQ17<=55000,(BQ17-40000)*10%, IF(BQ17<=70000,(BQ17-55000)*15%+1500, IF(BQ17<=200000,(BQ17-70000)*20%+1500+2250, IF(BQ17<=400000,(BQ17-200000)*22.5%+1500+2250+26000, IF(BQ17<=600000,(BQ17-400000)*25%+1500+2250+26000+45000, IF(AND(BQ17>600000,BQ17<=1200000),(BQ17-400000)*25%+1500+2250+26000+45000 +IFERROR(LOOKUP(BQ17,{600001;700001;800001;900001},{4000;6750;10250;15250}),0),IF(BQ17>1200000,((BQ17-1200000)*27.5%)+300000,0) ))))))) -> 0 | BS17: =(BR17/12*'11-2025'!$J17) -> 0 | BT17: =BS17-'11-2025'!$V17 -> 0 | BU17: =IFERROR(+'11-2025'!$W17+AL17+AM17+BJ17-'11-2025'!$AJ17-BT17+AN17+AO17,"")-AL17+AP17+AQ17 -> 4326.9954 | BX17: =+BU17-BW17 -> 4326.9954 | BY17: فيزا
A18: 133 | B18: نادين عماد منصور محمد | C18: المنصورة | D18: التحصيل | E18: شركة تنمية | F18: وكيل تحصيل هاتفى | G18: 45582 | I18: 30106141202127 | J18: 1 | K18: 4000 | N18: =SUM('11-2025'!$K18:$M18) -> 4000 | O18: 4000 | P18: =O18*18.75% -> 750 | Q18: =O18*11% -> 440 | R18: 1666.6667 | S18: =IF(N18-Q18-R18<0,0,N18-Q18-R18) -> 1893.3333 | T18: =IFERROR(S18/J18,0)*12 -> 22720 | U18: =IF(T18<=40000,0, IF(T18<=55000,(T18-40000)*10%, IF(T18<=70000,(T18-55000)*15%+1500, IF(T18<=200000,(T18-70000)*20%+1500+2250, IF(T18<=400000,(T18-200000)*22.5%+1500+2250+26000, IF(T18<=600000,(T18-400000)*25%+1500+2250+26000+45000, IF(AND(T18>600000,T18<=1200000),(T18-400000)*25%+1500+2250+26000+45000 +IFERROR(LOOKUP(T18,{600001;700001;800001;900001},{4000;6750;10250;15250}),0),IF(T18>1200000,((T18-1200000)*27.5%)+300000,0) ))))))) -> 0 | V18: =U18/12*J18 -> 0 | W18: =+'11-2025'!$S18-'11-2025'!$V18+'11-2025'!$R18 -> 3560 | X18: =IFERROR(W18/30,"") -> 118.66667 | Y18: 0 | Z18: =IFERROR(+'11-2025'!$X18*'11-2025'!$Y18,"") -> 0 | AA18: 0 | AB18: =IFERROR(+'11-2025'!$X18*'11-2025'!$AA18,"") -> 0 | AC18: 0 | AD18: =IFERROR(+'11-2025'!$X18*'11-2025'!$AC18,"") -> 0 | AE18: 0 | AF18: =IFERROR(+'11-2025'!$X18*'11-2025'!$AE18,"") -> 0 | AG18: 0 | AH18: =IFERROR(+'11-2025'!$X18*'11-2025'!$AG18,"") -> 0 | AI18: 0 | AJ18: =IFERROR('11-2025'!$Z18+'11-2025'!$AB18+'11-2025'!$AD18+'11-2025'!$AF18+'11-2025'!$AH18+'11-2025'!$AI18,"") -> 0 | AK18: =IFERROR('11-2025'!$W18-'11-2025'!$AJ18,"") -> 3560 | AO18: 140 | AR18: 0 | AS18: 0 | AT18: 0 | AU18: 0 | AV18: 0 | AW18: 0 | AX18: 0 | AY18: 0 | AZ18: 0 | BA18: 0 | BB18: 0 | BC18: 0 | BD18: 0 | BE18: 4926.84 | BF18: 0 | BG18: 0 | BH18: 0 | BI18: 0 | BJ18: =BD18+BC18+BB18+BA18+AZ18+AY18+AX18+AW18+AV18+AU18+AT18+AS18+AR18+BE18+BF18+BG18+BH18+BI18 -> 4926.84 | BK18: =BJ18+AM18+AL18+'11-2025'!$N18+AN18+AO18 -> 9066.84 | BL18: ='11-2025'!$O18 -> 4000 | BM18: =BL18*18.75% -> 750 | BN18: =BL18*11% -> 440 | BO18: =+R18 -> 1666.6667 | BP18: =IF(BK18-BN18-BO18<0,0,BK18-BN18-BO18) -> 6960.1733 | BQ18: =IFERROR(BP18/'11-2025'!$J18,0)*12 -> 83522.08 | BR18: =IF(BQ18<=40000,0, IF(BQ18<=55000,(BQ18-40000)*10%, IF(BQ18<=70000,(BQ18-55000)*15%+1500, IF(BQ18<=200000,(BQ18-70000)*20%+1500+2250, IF(BQ18<=400000,(BQ18-200000)*22.5%+1500+2250+26000, IF(BQ18<=600000,(BQ18-400000)*25%+1500+2250+26000+45000, IF(AND(BQ18>600000,BQ18<=1200000),(BQ18-400000)*25%+1500+2250+26000+45000 +IFERROR(LOOKUP(BQ18,{600001;700001;800001;900001},{4000;6750;10250;15250}),0),IF(BQ18>1200000,((BQ18-1200000)*27.5%)+300000,0) ))))))) -> 6454.416 | BS18: =(BR18/12*'11-2025'!$J18) -> 537.868 | BT18: =BS18-'11-2025'!$V18 -> 537.868 | BU18: =IFERROR(+'11-2025'!$W18+AL18+AM18+BJ18-'11-2025'!$AJ18-BT18+AN18+AO18,"")-AL18+AP18+AQ18 -> 8088.972 | BX18: =+BU18-BW18 -> 8088.972 | BY18: فيزا
A19: 136 | B19: بهاء محمد السيد صالح أبو حسين | C19: المنصورة | D19: التحصيل | E19: متعدد | F19: مسئول موارد بشرية | G19: 45598 | I19: 28403211200572 | J19: 1 | K19: 5322.38 | N19: =SUM('11-2025'!$K19:$M19) -> 5322.38 | O19: 5230.7692 | P19: =O19*18.75% -> 980.76923 | Q19: =O19*11% -> 575.38462 | R19: 1666.6667 | S19: =IF(N19-Q19-R19<0,0,N19-Q19-R19) -> 3080.3287 | T19: =IFERROR(S19/J19,0)*12 -> 36963.945 | U19: =IF(T19<=40000,0, IF(T19<=55000,(T19-40000)*10%, IF(T19<=70000,(T19-55000)*15%+1500, IF(T19<=200000,(T19-70000)*20%+1500+2250, IF(T19<=400000,(T19-200000)*22.5%+1500+2250+26000, IF(T19<=600000,(T19-400000)*25%+1500+2250+26000+45000, IF(AND(T19>600000,T19<=1200000),(T19-400000)*25%+1500+2250+26000+45000 +IFERROR(LOOKUP(T19,{600001;700001;800001;900001},{4000;6750;10250;15250}),0),IF(T19>1200000,((T19-1200000)*27.5%)+300000,0) ))))))) -> 0 | V19: =U19/12*J19 -> 0 | W19: =+'11-2025'!$S19-'11-2025'!$V19+'11-2025'!$R19 -> 4746.9954 | X19: =IFERROR(W19/30,"") -> 158.23318 | Y19: 0 | Z19: =IFERROR(+'11-2025'!$X19*'11-2025'!$Y19,"") -> 0 | AA19: 0 | AB19: =IFERROR(+'11-2025'!$X19*'11-2025'!$AA19,"") -> 0 | AC19: 0 | AD19: =IFERROR(+'11-2025'!$X19*'11-2025'!$AC19,"") -> 0 | AE19: 0 | AF19: =IFERROR(+'11-2025'!$X19*'11-2025'!$AE19,"") -> 0 | AG19: 0 | AH19: =IFERROR(+'11-2025'!$X19*'11-2025'!$AG19,"") -> 0 | AI19: 0 | AJ19: =IFERROR('11-2025'!$Z19+'11-2025'!$AB19+'11-2025'!$AD19+'11-2025'!$AF19+'11-2025'!$AH19+'11-2025'!$AI19,"") -> 0 | AK19: =IFERROR('11-2025'!$W19-'11-2025'!$AJ19,"") -> 4746.9954 | AO19: 0 | AR19: 0 | AS19: 0 | AT19: 0 | AU19: 0 | AV19: 148.04198 | AW19: 0 | AX19: 0 | AY19: 0 | AZ19: 0 | BA19: 0 | BB19: 0 | BC19: 0 | BD19: 0 | BE19: 0 | BF19: 0 | BG19: 285 | BH19: 0 | BI19: 0 | BJ19: =BD19+BC19+BB19+BA19+AZ19+AY19+AX19+AW19+AV19+AU19+AT19+AS19+AR19+BE19+BF19+BG19+BH19+BI19 -> 433.04197 | BK19: =BJ19+AM19+AL19+'11-2025'!$N19+AN19+AO19 -> 5755.422 | BL19: ='11-2025'!$O19 -> 5230.7692 | BM19: =BL19*18.75% -> 980.76923 | BN19: =BL19*11% -> 575.38462 | BO19: =+R19 -> 1666.6667 | BP19: =IF(BK19-BN19-BO19<0,0,BK19-BN19-BO19) -> 3513.3707 | BQ19: =IFERROR(BP19/'11-2025'!$J19,0)*12 -> 42160.448 | BR19: =IF(BQ19<=40000,0, IF(BQ19<=55000,(BQ19-40000)*10%, IF(BQ19<=70000,(BQ19-55000)*15%+1500, IF(BQ19<=200000,(BQ19-70000)*20%+1500+2250, IF(BQ19<=400000,(BQ19-200000)*22.5%+1500+2250+26000, IF(BQ19<=600000,(BQ19-400000)*25%+1500+2250+26000+45000, IF(AND(BQ19>600000,BQ19<=1200000),(BQ19-400000)*25%+1500+2250+26000+45000 +IFERROR(LOOKUP(BQ19,{600001;700001;800001;900001},{4000;6750;10250;15250}),0),IF(BQ19>1200000,((BQ19-1200000)*27.5%)+300000,0) ))))))) -> 216.04483 | BS19: =(BR19/12*'11-2025'!$J19) -> 18.003736 | BT19: =BS19-'11-2025'!$V19 -> 18.003736 | BU19: =IFERROR(+'11-2025'!$W19+AL19+AM19+BJ19-'11-2025'!$AJ19-BT19+AN19+AO19,"")-AL19+AP19+AQ19 -> 5162.0336 | BX19: =+BU19-BW19 -> 5162.0336 | BY19: فيزا
A20: 150 | B20: هدى حسن السيد على الضوى | C20: 20أ القاهرة | D20: الادارى | E20: منسقى البيانات | F20: مشرف منسقى بيانات | G20: 45167 | I20: 30006102101386 | J20: 1 | K20: 5410.39 | N20: =SUM('11-2025'!$K20:$M20) -> 5410.39 | O20: 3730.8462 | P20: =O20*18.75% -> 699.53365 | Q20: =O20*11% -> 410.39308 | R20: 1666.6667 | S20: =IF(N20-Q20-R20<0,0,N20-Q20-R20) -> 3333.3303 | T20: =IFERROR(S20/J20,0)*12 -> 39999.963 | U20: =IF(T20<=40000,0, IF(T20<=55000,(T20-40000)*10%, IF(T20<=70000,(T20-55000)*15%+1500, IF(T20<=200000,(T20-70000)*20%+1500+2250, IF(T20<=400000,(T20-200000)*22.5%+1500+2250+26000, IF(T20<=600000,(T20-400000)*25%+1500+2250+26000+45000, IF(AND(T20>600000,T20<=1200000),(T20-400000)*25%+1500+2250+26000+45000 +IFERROR(LOOKUP(T20,{600001;700001;800001;900001},{4000;6750;10250;15250}),0),IF(T20>1200000,((T20-1200000)*27.5%)+300000,0) ))))))) -> 0 | V20: =U20/12*J20 -> 0 | W20: =+'11-2025'!$S20-'11-2025'!$V20+'11-2025'!$R20 -> 4999.9969 | X20: =IFERROR(W20/30,"") -> 166.66656 | Y20: 0 | Z20: =IFERROR(+'11-2025'!$X20*'11-2025'!$Y20,"") -> 0 | AA20: 0 | AB20: =IFERROR(+'11-2025'!$X20*'11-2025'!$AA20,"") -> 0 | AC20: 0 | AD20: =IFERROR(+'11-2025'!$X20*'11-2025'!$AC20,"") -> 0 | AE20: 0 | AF20: =IFERROR(+'11-2025'!$X20*'11-2025'!$AE20,"") -> 0 | AG20: 0 | AH20: =IFERROR(+'11-2025'!$X20*'11-2025'!$AG20,"") -> 0 | AI20: 0 | AJ20: =IFERROR('11-2025'!$Z20+'11-2025'!$AB20+'11-2025'!$AD20+'11-2025'!$AF20+'11-2025'!$AH20+'11-2025'!$AI20,"") -> 0 | AK20: =IFERROR('11-2025'!$W20-'11-2025'!$AJ20,"") -> 4999.9969 | AO20: 20 | AR20: 0 | AS20: 0 | AT20: 0 | AU20: 0 | AV20: 0 | AW20: 0 | AX20: 0 | AY20: 0 | AZ20: 0 | BA20: 0 | BB20: 0 | BC20: 0 | BD20: 0 | BE20: 0 | BF20: 0 | BG20: 0 | BH20: 0 | BI20: 0 | BJ20: =BD20+BC20+BB20+BA20+AZ20+AY20+AX20+AW20+AV20+AU20+AT20+AS20+AR20+BE20+BF20+BG20+BH20+BI20 -> 0 | BK20: =BJ20+AM20+AL20+'11-2025'!$N20+AN20+AO20 -> 5430.39 | BL20: ='11-2025'!$O20 -> 3730.8462 | BM20: =BL20*18.75% -> 699.53365 | BN20: =BL20*11% -> 410.39308 | BO20: =+R20 -> 1666.6667 | BP20: =IF(BK20-BN20-BO20<0,0,BK20-BN20-BO20) -> 3353.3303 | BQ20: =IFERROR(BP20/'11-2025'!$J20,0)*12 -> 40239.963 | BR20: =IF(BQ20<=40000,0, IF(BQ20<=55000,(BQ20-40000)*10%, IF(BQ20<=70000,(BQ20-55000)*15%+1500, IF(BQ20<=200000,(BQ20-70000)*20%+1500+2250, IF(BQ20<=400000,(BQ20-200000)*22.5%+1500+2250+26000, IF(BQ20<=600000,(BQ20-400000)*25%+1500+2250+26000+45000, IF(AND(BQ20>600000,BQ20<=1200000),(BQ20-400000)*25%+1500+2250+26000+45000 +IFERROR(LOOKUP(BQ20,{600001;700001;800001;900001},{4000;6750;10250;15250}),0),IF(BQ20>1200000,((BQ20-1200000)*27.5%)+300000,0) ))))))) -> 23.996308 | BS20: =(BR20/12*'11-2025'!$J20) -> 1.9996923 | BT20: 0 | BU20: =IFERROR(+'11-2025'!$W20+AL20+AM20+BJ20-'11-2025'!$AJ20-BT20+AN20+AO20,"")-AL20+AP20+AQ20 -> 5019.9969 | BX20: =+BU20-BW20 -> 5019.9969 | BY20: فيزا
A21: 151 | B21: احمد عبد الباسط عبد السلام محمد | C21: 20أ القاهرة | D21: الادارى | E21: المالية | F21: مدير حسابات | G21: 45171 | I21: 29805101502713 | J21: 1 | K21: 11274.76 | N21: =SUM('11-2025'!$K21:$M21) -> 11274.76 | O21: 5230.7692 | P21: =O21*18.75% -> 980.76923 | Q21: =O21*11% -> 575.38462 | R21: 1666.6667 | S21: =IF(N21-Q21-R21<0,0,N21-Q21-R21) -> 9032.7087 | T21: =IFERROR(S21/J21,0)*12 -> 108392.5 | U21: =IF(T21<=40000,0, IF(T21<=55000,(T21-40000)*10%, IF(T21<=70000,(T21-55000)*15%+1500, IF(T21<=200000,(T21-70000)*20%+1500+2250, IF(T21<=400000,(T21-200000)*22.5%+1500+2250+26000, IF(T21<=600000,(T21-400000)*25%+1500+2250+26000+45000, IF(AND(T21>600000,T21<=1200000),(T21-400000)*25%+1500+2250+26000+45000 +IFERROR(LOOKUP(T21,{600001;700001;800001;900001},{4000;6750;10250;15250}),0),IF(T21>1200000,((T21-1200000)*27.5%)+300000,0) ))))))) -> 11428.501 | V21: =U21/12*J21 -> 952.37508 | W21: =+'11-2025'!$S21-'11-2025'!$V21+'11-2025'!$R21 -> 9747.0003 | X21: =IFERROR(W21/30,"") -> 324.90001 | Z21: =IFERROR(+'11-2025'!$X21*'11-2025'!$Y21,"") -> 0 | AB21: =IFERROR(+'11-2025'!$X21*'11-2025'!$AA21,"") -> 0 | AC21: 30 | AD21: =IFERROR(+'11-2025'!$X21*'11-2025'!$AC21,"") -> 9747.0003 | AF21: =IFERROR(+'11-2025'!$X21*'11-2025'!$AE21,"") -> 0 | AH21: =IFERROR(+'11-2025'!$X21*'11-2025'!$AG21,"") -> 0 | AI21: 0 | AJ21: =IFERROR('11-2025'!$Z21+'11-2025'!$AB21+'11-2025'!$AD21+'11-2025'!$AF21+'11-2025'!$AH21+'11-2025'!$AI21,"") -> 9747.0003 | AK21: =IFERROR('11-2025'!$W21-'11-2025'!$AJ21,"") -> 0 | AR21: 0 | AS21: 0 | AT21: 0 | AU21: 0 | AV21: 0 | AW21: 0 | AX21: 0 | AY21: 0 | AZ21: 0 | BA21: 0 | BB21: 0 | BC21: 0 | BD21: 0 | BE21: 0 | BF21: 0 | BG21: 0 | BH21: 0 | BI21: 0 | BJ21: =BD21+BC21+BB21+BA21+AZ21+AY21+AX21+AW21+AV21+AU21+AT21+AS21+AR21+BE21+BF21+BG21+BH21+BI21 -> 0 | BK21: =BJ21+AM21+AL21+'11-2025'!$N21+AN21+AO21 -> 11274.76 | BL21: ='11-2025'!$O21 -> 5230.7692 | BM21: =BL21*18.75% -> 980.76923 | BN21: =BL21*11% -> 575.38462 | BO21: =+R21 -> 1666.6667 | BP21: =IF(BK21-BN21-BO21<0,0,BK21-BN21-BO21) -> 9032.7087 | BQ21: =IFERROR(BP21/'11-2025'!$J21,0)*12 -> 108392.5 | BR21: =IF(BQ21<=40000,0, IF(BQ21<=55000,(BQ21-40000)*10%, IF(BQ21<=70000,(BQ21-55000)*15%+1500, IF(BQ21<=200000,(BQ21-70000)*20%+1500+2250, IF(BQ21<=400000,(BQ21-200000)*22.5%+1500+2250+26000, IF(BQ21<=600000,(BQ21-400000)*25%+1500+2250+26000+45000, IF(AND(BQ21>600000,BQ21<=1200000),(BQ21-400000)*25%+1500+2250+26000+45000 +IFERROR(LOOKUP(BQ21,{600001;700001;800001;900001},{4000;6750;10250;15250}),0),IF(BQ21>1200000,((BQ21-1200000)*27.5%)+300000,0) ))))))) -> 11428.501 | BS21: =(BR21/12*'11-2025'!$J21) -> 952.37508 | BT21: 0 | BU21: =IFERROR(+'11-2025'!$W21+AL21+AM21+BJ21-'11-2025'!$AJ21-BT21+AN21+AO21,"")-AL21+AP21+AQ21 -> 0 | BX21: =+BU21-BW21 -> 0 | BY21: فيزا
A22: 162 | B22: عمرو على سليم محمد السيد | C22: المنصورة | D22: التحصيل | E22: متعدد | F22: مشرف تحصيل | G22: 45173 | I22: 28711011208851 | J22: 1 | K22: 6037.78 | N22: =SUM('11-2025'!$K22:$M22) -> 6037.78 | O22: 6000 | P22: =O22*18.75% -> 1125 | Q22: =O22*11% -> 660 | R22: 1666.6667 | S22: =IF(N22-Q22-R22<0,0,N22-Q22-R22) -> 3711.1133 | T22: =IFERROR(S22/J22,0)*12 -> 44533.36 | U22: =IF(T22<=40000,0, IF(T22<=55000,(T22-40000)*10%, IF(T22<=70000,(T22-55000)*15%+1500, IF(T22<=200000,(T22-70000)*20%+1500+2250, IF(T22<=400000,(T22-200000)*22.5%+1500+2250+26000, IF(T22<=600000,(T22-400000)*25%+1500+2250+26000+45000, IF(AND(T22>600000,T22<=1200000),(T22-400000)*25%+1500+2250+26000+45000 +IFERROR(LOOKUP(T22,{600001;700001;800001;900001},{4000;6750;10250;15250}),0),IF(T22>1200000,((T22-1200000)*27.5%)+300000,0) ))))))) -> 453.336 | V22: =U22/12*J22 -> 37.778 | W22: =+'11-2025'!$S22-'11-2025'!$V22+'11-2025'!$R22 -> 5340.002 | X22: =IFERROR(W22/30,"") -> 178.00007 | Y22: 0 | Z22: =IFERROR(+'11-2025'!$X22*'11-2025'!$Y22,"") -> 0 | AA22: 0 | AB22: =IFERROR(+'11-2025'!$X22*'11-2025'!$AA22,"") -> 0 | AC22: 0 | AD22: =IFERROR(+'11-2025'!$X22*'11-2025'!$AC22,"") -> 0 | AE22: 0 | AF22: =IFERROR(+'11-2025'!$X22*'11-2025'!$AE22,"") -> 0 | AG22: 0 | AH22: =IFERROR(+'11-2025'!$X22*'11-2025'!$AG22,"") -> 0 | AI22: 0 | AJ22: =IFERROR('11-2025'!$Z22+'11-2025'!$AB22+'11-2025'!$AD22+'11-2025'!$AF22+'11-2025'!$AH22+'11-2025'!$AI22,"") -> 0 | AK22: =IFERROR('11-2025'!$W22-'11-2025'!$AJ22,"") -> 5340.002 | AM22: 1000 | AO22: 0 | AR22: 0 | AS22: 350 | AT22: 0 | AU22: 2135.9137 | AV22: 49.347325 | AW22: 0 | AX22: 0 | AY22: 0 | AZ22: 0 | BA22: 0 | BB22: 0 | BC22: 0 | BD22: 0 | BE22: 0 | BF22: 0 | BG22: 0 | BH22: 0 | BI22: 0 | BJ22: =BD22+BC22+BB22+BA22+AZ22+AY22+AX22+AW22+AV22+AU22+AT22+AS22+AR22+BE22+BF22+BG22+BH22+BI22 -> 2535.261 | BK22: =BJ22+AM22+AL22+'11-2025'!$N22+AN22+AO22 -> 9573.041 | BL22: ='11-2025'!$O22 -> 6000 | BM22: =BL22*18.75% -> 1125 | BN22: =BL22*11% -> 660 | BO22: =+R22 -> 1666.6667 | BP22: =IF(BK22-BN22-BO22<0,0,BK22-BN22-BO22) -> 7246.3743 | BQ22: =IFERROR(BP22/'11-2025'!$J22,0)*12 -> 86956.492 | BR22: =IF(BQ22<=40000,0, IF(BQ22<=55000,(BQ22-40000)*10%, IF(BQ22<=70000,(BQ22-55000)*15%+1500, IF(BQ22<=200000,(BQ22-70000)*20%+1500+2250, IF(BQ22<=400000,(BQ22-200000)*22.5%+1500+2250+26000, IF(BQ22<=600000,(BQ22-400000)*25%+1500+2250+26000+45000, IF(AND(BQ22>600000,BQ22<=1200000),(BQ22-400000)*25%+1500+2250+26000+45000 +IFERROR(LOOKUP(BQ22,{600001;700001;800001;900001},{4000;6750;10250;15250}),0),IF(BQ22>1200000,((BQ22-1200000)*27.5%)+300000,0) ))))))) -> 7141.2984 | BS22: =(BR22/12*'11-2025'!$J22) -> 595.1082 | BT22: =BS22-'11-2025'!$V22 -> 557.3302 | BU22: =IFERROR(+'11-2025'!$W22+AL22+AM22+BJ22-'11-2025'!$AJ22-BT22+AN22+AO22,"")-AL22+AP22+AQ22 -> 8317.9328 | BV22: مكافاة اشراف | BX22: =+BU22-BW22 -> 8317.9328 | BY22: فيزا
A23: 177 | B23: أسماء إبراهيم السيد عبد الله | C23: المنصورة | D23: التحصيل | E23: بنك الإسكندرية | F23: رئيس فريق عمل | G23: 45187 | I23: 30001011278168 | J23: 1 | K23: 3536.08 | N23: =SUM('11-2025'!$K23:$M23) -> 3536.08 | O23: 4446.1538 | P23: =O23*18.75% -> 833.65385 | Q23: =O23*11% -> 489.07692 | R23: 1666.6667 | S23: =IF(N23-Q23-R23<0,0,N23-Q23-R23) -> 1380.3364 | T23: =IFERROR(S23/J23,0)*12 -> 16564.037 | U23: =IF(T23<=40000,0, IF(T23<=55000,(T23-40000)*10%, IF(T23<=70000,(T23-55000)*15%+1500, IF(T23<=200000,(T23-70000)*20%+1500+2250, IF(T23<=400000,(T23-200000)*22.5%+1500+2250+26000, IF(T23<=600000,(T23-400000)*25%+1500+2250+26000+45000, IF(AND(T23>600000,T23<=1200000),(T23-400000)*25%+1500+2250+26000+45000 +IFERROR(LOOKUP(T23,{600001;700001;800001;900001},{4000;6750;10250;15250}),0),IF(T23>1200000,((T23-1200000)*27.5%)+300000,0) ))))))) -> 0 | V23: =U23/12*J23 -> 0 | W23: =+'11-2025'!$S23-'11-2025'!$V23+'11-2025'!$R23 -> 3047.0031 | X23: =IFERROR(W23/30,"") -> 101.56677 | Y23: 0 | Z23: =IFERROR(+'11-2025'!$X23*'11-2025'!$Y23,"") -> 0 | AA23: 0 | AB23: =IFERROR(+'11-2025'!$X23*'11-2025'!$AA23,"") -> 0 | AC23: 0 | AD23: =IFERROR(+'11-2025'!$X23*'11-2025'!$AC23,"") -> 0 | AE23: 0 | AF23: =IFERROR(+'11-2025'!$X23*'11-2025'!$AE23,"") -> 0 | AG23: 0 | AH23: =IFERROR(+'11-2025'!$X23*'11-2025'!$AG23,"") -> 0 | AI23: 0 | AJ23: =IFERROR('11-2025'!$Z23+'11-2025'!$AB23+'11-2025'!$AD23+'11-2025'!$AF23+'11-2025'!$AH23+'11-2025'!$AI23,"") -> 0 | AK23: =IFERROR('11-2025'!$W23-'11-2025'!$AJ23,"") -> 3047.0031 | AO23: 0 | AR23: 0 | AS23: 0 | AT23: 0 | AU23: 1148.2833 | AV23: 0 | AW23: 0 | AX23: 0 | AY23: 0 | AZ23: 0 | BA23: 0 | BB23: 0 | BC23: 0 | BD23: 0 | BE23: 0 | BF23: 0 | BG23: 0 | BH23: 0 | BI23: 0 | BJ23: =BD23+BC23+BB23+BA23+AZ23+AY23+AX23+AW23+AV23+AU23+AT23+AS23+AR23+BE23+BF23+BG23+BH23+BI23 -> 1148.2833 | BK23: =BJ23+AM23+AL23+'11-2025'!$N23+AN23+AO23 -> 4684.3633 | BL23: ='11-2025'!$O23 -> 4446.1538 | BM23: =BL23*18.75% -> 833.65385 | BN23: =BL23*11% -> 489.07692 | BO23: =+R23 -> 1666.6667 | BP23: =IF(BK23-BN23-BO23<0,0,BK23-BN23-BO23) -> 2528.6198 | BQ23: =IFERROR(BP23/'11-2025'!$J23,0)*12 -> 30343.437 | BR23: =IF(BQ23<=40000,0, IF(BQ23<=55000,(BQ23-40000)*10%, IF(BQ23<=70000,(BQ23-55000)*15%+1500, IF(BQ23<=200000,(BQ23-70000)*20%+1500+2250, IF(BQ23<=400000,(BQ23-200000)*22.5%+1500+2250+26000, IF(BQ23<=600000,(BQ23-400000)*25%+1500+2250+26000+45000, IF(AND(BQ23>600000,BQ23<=1200000),(BQ23-400000)*25%+1500+2250+26000+45000 +IFERROR(LOOKUP(BQ23,{600001;700001;800001;900001},{4000;6750;10250;15250}),0),IF(BQ23>1200000,((BQ23-1200000)*27.5%)+300000,0) ))))))) -> 0 | BS23: =(BR23/12*'11-2025'!$J23) -> 0 | BT23: =BS23-'11-2025'!$V23 -> 0 | BU23: =IFERROR(+'11-2025'!$W23+AL23+AM23+BJ23-'11-2025'!$AJ23-BT23+AN23+AO23,"")-AL23+AP23+AQ23 -> 4195.2864 | BX23: =+BU23-BW23 -> 4195.2864 | BY23: فيزا
A24: 197 | B24: احمد مجدى بكر على | C24: 20أ القاهرة | D24: التحصيل | E24: شركة حالا | F24: رئيس فريق عمل | G24: 45234 | I24: 29503120100816 | J24: 1 | K24: 3500 | N24: =SUM('11-2025'!$K24:$M24) -> 3500 | O24: 3500 | P24: =O24*18.75% -> 656.25 | Q24: =O24*11% -> 385 | R24: 1666.6667 | S24: =IF(N24-Q24-R24<0,0,N24-Q24-R24) -> 1448.3333 | T24: =IFERROR(S24/J24,0)*12 -> 17380 | U24: =IF(T24<=40000,0, IF(T24<=55000,(T24-40000)*10%, IF(T24<=70000,(T24-55000)*15%+1500, IF(T24<=200000,(T24-70000)*20%+1500+2250, IF(T24<=400000,(T24-200000)*22.5%+1500+2250+26000, IF(T24<=600000,(T24-400000)*25%+1500+2250+26000+45000, IF(AND(T24>600000,T24<=1200000),(T24-400000)*25%+1500+2250+26000+45000 +IFERROR(LOOKUP(T24,{600001;700001;800001;900001},{4000;6750;10250;15250}),0),IF(T24>1200000,((T24-1200000)*27.5%)+300000,0) ))))))) -> 0 | V24: =U24/12*J24 -> 0 | W24: =+'11-2025'!$S24-'11-2025'!$V24+'11-2025'!$R24 -> 3115 | X24: =IFERROR(W24/30,"") -> 103.83333 | Y24: 0 | Z24: =IFERROR(+'11-2025'!$X24*'11-2025'!$Y24,"") -> 0 | AA24: 0 | AB24: =IFERROR(+'11-2025'!$X24*'11-2025'!$AA24,"") -> 0 | AC24: 0 | AD24: =IFERROR(+'11-2025'!$X24*'11-2025'!$AC24,"") -> 0 | AE24: 0 | AF24: =IFERROR(+'11-2025'!$X24*'11-2025'!$AE24,"") -> 0 | AG24: 0 | AH24: =IFERROR(+'11-2025'!$X24*'11-2025'!$AG24,"") -> 0 | AI24: 1000 | AJ24: =IFERROR('11-2025'!$Z24+'11-2025'!$AB24+'11-2025'!$AD24+'11-2025'!$AF24+'11-2025'!$AH24+'11-2025'!$AI24,"") -> 1000 | AK24: =IFERROR('11-2025'!$W24-'11-2025'!$AJ24,"") -> 2115 | AM24: 500 | AO24: 80 | AR24: 0 | AS24: 5465.3925 | AT24: 0 | AU24: 0 | AV24: 0 | AW24: 0 | AX24: 0 | AY24: 0 | AZ24: 0 | BA24: 0 | BB24: 0 | BC24: 0 | BD24: 0 | BE24: 0 | BF24: 0 | BG24: 0 | BH24: 0 | BI24: 0 | BJ24: =BD24+BC24+BB24+BA24+AZ24+AY24+AX24+AW24+AV24+AU24+AT24+AS24+AR24+BE24+BF24+BG24+BH24+BI24 -> 5465.3925 | BK24: =BJ24+AM24+AL24+'11-2025'!$N24+AN24+AO24 -> 9545.3925 | BL24: ='11-2025'!$O24 -> 3500 | BM24: =BL24*18.75% -> 656.25 | BN24: =BL24*11% -> 385 | BO24: =+R24 -> 1666.6667 | BP24: =IF(BK24-BN24-BO24<0,0,BK24-BN24-BO24) -> 7493.7258 | BQ24: =IFERROR(BP24/'11-2025'!$J24,0)*12 -> 89924.71 | BR24: =IF(BQ24<=40000,0, IF(BQ24<=55000,(BQ24-40000)*10%, IF(BQ24<=70000,(BQ24-55000)*15%+1500, IF(BQ24<=200000,(BQ24-70000)*20%+1500+2250, IF(BQ24<=400000,(BQ24-200000)*22.5%+1500+2250+26000, IF(BQ24<=600000,(BQ24-400000)*25%+1500+2250+26000+45000, IF(AND(BQ24>600000,BQ24<=1200000),(BQ24-400000)*25%+1500+2250+26000+45000 +IFERROR(LOOKUP(BQ24,{600001;700001;800001;900001},{4000;6750;10250;15250}),0),IF(BQ24>1200000,((BQ24-1200000)*27.5%)+300000,0) ))))))) -> 7734.942 | BS24: =(BR24/12*'11-2025'!$J24) -> 644.5785 | BT24: =BS24-'11-2025'!$V24 -> 644.5785 | BU24: =IFERROR(+'11-2025'!$W24+AL24+AM24+BJ24-'11-2025'!$AJ24-BT24+AN24+AO24,"")-AL24+AP24+AQ24 -> 7515.814 | BV24: مكافاة اشراف | BX24: =+BU24-BW24 -> 7515.814
A25: 215 | B25: روان عادل محمد عبد الكريم | C25: 20أ القاهرة | D25: التحصيل | E25: بنك الإسكندرية | F25: محامى | G25: 45617 | I25: 30503030106403 | J25: 1 | K25: 3214.5 | N25: =SUM('11-2025'!$K25:$M25) -> 3214.5 | O25: 4250 | P25: =O25*18.75% -> 796.875 | Q25: =O25*11% -> 467.5 | R25: 1666.6667 | S25: =IF(N25-Q25-R25<0,0,N25-Q25-R25) -> 1080.3333 | T25: =IFERROR(S25/J25,0)*12 -> 12964 | U25: =IF(T25<=40000,0, IF(T25<=55000,(T25-40000)*10%, IF(T25<=70000,(T25-55000)*15%+1500, IF(T25<=200000,(T25-70000)*20%+1500+2250, IF(T25<=400000,(T25-200000)*22.5%+1500+2250+26000, IF(T25<=600000,(T25-400000)*25%+1500+2250+26000+45000, IF(AND(T25>600000,T25<=1200000),(T25-400000)*25%+1500+2250+26000+45000 +IFERROR(LOOKUP(T25,{600001;700001;800001;900001},{4000;6750;10250;15250}),0),IF(T25>1200000,((T25-1200000)*27.5%)+300000,0) ))))))) -> 0 | V25: =U25/12*J25 -> 0 | W25: =+'11-2025'!$S25-'11-2025'!$V25+'11-2025'!$R25 -> 2747 | X25: =IFERROR(W25/30,"") -> 91.566667 | Y25: 0 | Z25: =IFERROR(+'11-2025'!$X25*'11-2025'!$Y25,"") -> 0 | AA25: 0 | AB25: =IFERROR(+'11-2025'!$X25*'11-2025'!$AA25,"") -> 0 | AC25: 0 | AD25: =IFERROR(+'11-2025'!$X25*'11-2025'!$AC25,"") -> 0 | AE25: 0 | AF25: =IFERROR(+'11-2025'!$X25*'11-2025'!$AE25,"") -> 0 | AG25: 0 | AH25: =IFERROR(+'11-2025'!$X25*'11-2025'!$AG25,"") -> 0 | AI25: 0 | AJ25: =IFERROR('11-2025'!$Z25+'11-2025'!$AB25+'11-2025'!$AD25+'11-2025'!$AF25+'11-2025'!$AH25+'11-2025'!$AI25,"") -> 0 | AK25: =IFERROR('11-2025'!$W25-'11-2025'!$AJ25,"") -> 2747 | AO25: 20 | AR25: 0 | AS25: 0 | AT25: 0 | AU25: 1106.382 | AV25: 0 | AW25: 0 | AX25: 0 | AY25: 0 | AZ25: 0 | BA25: 0 | BB25: 0 | BC25: 0 | BD25: 0 | BE25: 0 | BF25: 0 | BG25: 0 | BH25: 0 | BI25: 0 | BJ25: =BD25+BC25+BB25+BA25+AZ25+AY25+AX25+AW25+AV25+AU25+AT25+AS25+AR25+BE25+BF25+BG25+BH25+BI25 -> 1106.382 | BK25: =BJ25+AM25+AL25+'11-2025'!$N25+AN25+AO25 -> 4340.882 | BL25: ='11-2025'!$O25 -> 4250 | BM25: =BL25*18.75% -> 796.875 | BN25: =BL25*11% -> 467.5 | BO25: =+R25 -> 1666.6667 | BP25: =IF(BK25-BN25-BO25<0,0,BK25-BN25-BO25) -> 2206.7153 | BQ25: =IFERROR(BP25/'11-2025'!$J25,0)*12 -> 26480.584 | BR25: =IF(BQ25<=40000,0, IF(BQ25<=55000,(BQ25-40000)*10%, IF(BQ25<=70000,(BQ25-55000)*15%+1500, IF(BQ25<=200000,(BQ25-70000)*20%+1500+2250, IF(BQ25<=400000,(BQ25-200000)*22.5%+1500+2250+26000, IF(BQ25<=600000,(BQ25-400000)*25%+1500+2250+26000+45000, IF(AND(BQ25>600000,BQ25<=1200000),(BQ25-400000)*25%+1500+2250+26000+45000 +IFERROR(LOOKUP(BQ25,{600001;700001;800001;900001},{4000;6750;10250;15250}),0),IF(BQ25>1200000,((BQ25-1200000)*27.5%)+300000,0) ))))))) -> 0 | BS25: =(BR25/12*'11-2025'!$J25) -> 0 | BT25: =BS25-'11-2025'!$V25 -> 0 | BU25: =IFERROR(+'11-2025'!$W25+AL25+AM25+BJ25-'11-2025'!$AJ25-BT25+AN25+AO25,"")-AL25+AP25+AQ25 -> 3873.382 | BX25: =+BU25-BW25 -> 3873.382
A26: 223 | B26: هبة خلف محمد احمد | C26: 25ج القاهرة | D26: التحصيل | E26: مصرف أبو ظبى الاسلامى | F26: رئيس فريق عمل | G26: 45266 | I26: 28107120200563 | J26: 1 | K26: 3000 | N26: =SUM('11-2025'!$K26:$M26) -> 3000 | P26: =O26*18.75% -> 0 | Q26: =O26*11% -> 0 | R26: 1666.6667 | S26: =IF(N26-Q26-R26<0,0,N26-Q26-R26) -> 1333.3333 | T26: =IFERROR(S26/J26,0)*12 -> 16000 | U26: =IF(T26<=40000,0, IF(T26<=55000,(T26-40000)*10%, IF(T26<=70000,(T26-55000)*15%+1500, IF(T26<=200000,(T26-70000)*20%+1500+2250, IF(T26<=400000,(T26-200000)*22.5%+1500+2250+26000, IF(T26<=600000,(T26-400000)*25%+1500+2250+26000+45000, IF(AND(T26>600000,T26<=1200000),(T26-400000)*25%+1500+2250+26000+45000 +IFERROR(LOOKUP(T26,{600001;700001;800001;900001},{4000;6750;10250;15250}),0),IF(T26>1200000,((T26-1200000)*27.5%)+300000,0) ))))))) -> 0 | V26: =U26/12*J26 -> 0 | W26: =+'11-2025'!$S26-'11-2025'!$V26+'11-2025'!$R26 -> 3000 | X26: =IFERROR(W26/30,"") -> 100 | Y26: 0 | Z26: =IFERROR(+'11-2025'!$X26*'11-2025'!$Y26,"") -> 0 | AA26: 0 | AB26: =IFERROR(+'11-2025'!$X26*'11-2025'!$AA26,"") -> 0 | AC26: 0 | AD26: =IFERROR(+'11-2025'!$X26*'11-2025'!$AC26,"") -> 0 | AE26: 0 | AF26: =IFERROR(+'11-2025'!$X26*'11-2025'!$AE26,"") -> 0 | AG26: 0 | AH26: =IFERROR(+'11-2025'!$X26*'11-2025'!$AG26,"") -> 0 | AI26: 0 | AJ26: =IFERROR('11-2025'!$Z26+'11-2025'!$AB26+'11-2025'!$AD26+'11-2025'!$AF26+'11-2025'!$AH26+'11-2025'!$AI26,"") -> 0 | AK26: =IFERROR('11-2025'!$W26-'11-2025'!$AJ26,"") -> 3000 | AO26: 560 | AR26: 1641.6689 | AS26: 0 | AT26: 0 | AU26: 0 | AV26: 0 | AW26: 0 | AX26: 0 | AY26: 0 | AZ26: 0 | BA26: 0 | BB26: 0 | BC26: 0 | BD26: 0 | BE26: 0 | BF26: 0 | BG26: 0 | BH26: 0 | BI26: 0 | BJ26: =BD26+BC26+BB26+BA26+AZ26+AY26+AX26+AW26+AV26+AU26+AT26+AS26+AR26+BE26+BF26+BG26+BH26+BI26 -> 1641.6689 | BK26: =BJ26+AM26+AL26+'11-2025'!$N26+AN26+AO26 -> 5201.6689 | BL26: ='11-2025'!$O26 -> 0 | BM26: =BL26*18.75% -> 0 | BN26: =BL26*11% -> 0 | BO26: =+R26 -> 1666.6667 | BP26: =IF(BK26-BN26-BO26<0,0,BK26-BN26-BO26) -> 3535.0022 | BQ26: =IFERROR(BP26/'11-2025'!$J26,0)*12 -> 42420.027 | BR26: =IF(BQ26<=40000,0, IF(BQ26<=55000,(BQ26-40000)*10%, IF(BQ26<=70000,(BQ26-55000)*15%+1500, IF(BQ26<=200000,(BQ26-70000)*20%+1500+2250, IF(BQ26<=400000,(BQ26-200000)*22.5%+1500+2250+26000, IF(BQ26<=600000,(BQ26-400000)*25%+1500+2250+26000+45000, IF(AND(BQ26>600000,BQ26<=1200000),(BQ26-400000)*25%+1500+2250+26000+45000 +IFERROR(LOOKUP(BQ26,{600001;700001;800001;900001},{4000;6750;10250;15250}),0),IF(BQ26>1200000,((BQ26-1200000)*27.5%)+300000,0) ))))))) -> 242.00268 | BS26: =(BR26/12*'11-2025'!$J26) -> 20.16689 | BT26: =BS26-'11-2025'!$V26 -> 20.16689 | BU26: =IFERROR(+'11-2025'!$W26+AL26+AM26+BJ26-'11-2025'!$AJ26-BT26+AN26+AO26,"")-AL26+AP26+AQ26 -> 5181.502 | BX26: =+BU26-BW26 -> 5181.502
A27: 238 | B27: اشرف محمد محروس محمود | C27: 20أ القاهرة | D27: التحصيل | E27: ميد بنك | F27: وكيل تحصيل | G27: 45385 | I27: 30412130100296 | J27: 1 | K27: 3500 | N27: =SUM('11-2025'!$K27:$M27) -> 3500 | O27: 3500 | P27: =O27*18.75% -> 656.25 | Q27: =O27*11% -> 385 | R27: 1666.6667 | S27: =IF(N27-Q27-R27<0,0,N27-Q27-R27) -> 1448.3333 | T27: =IFERROR(S27/J27,0)*12 -> 17380 | U27: =IF(T27<=40000,0, IF(T27<=55000,(T27-40000)*10%, IF(T27<=70000,(T27-55000)*15%+1500, IF(T27<=200000,(T27-70000)*20%+1500+2250, IF(T27<=400000,(T27-200000)*22.5%+1500+2250+26000, IF(T27<=600000,(T27-400000)*25%+1500+2250+26000+45000, IF(AND(T27>600000,T27<=1200000),(T27-400000)*25%+1500+2250+26000+45000 +IFERROR(LOOKUP(T27,{600001;700001;800001;900001},{4000;6750;10250;15250}),0),IF(T27>1200000,((T27-1200000)*27.5%)+300000,0) ))))))) -> 0 | V27: =U27/12*J27 -> 0 | W27: =+'11-2025'!$S27-'11-2025'!$V27+'11-2025'!$R27 -> 3115 | X27: =IFERROR(W27/30,"") -> 103.83333 | Y27: 0 | Z27: =IFERROR(+'11-2025'!$X27*'11-2025'!$Y27,"") -> 0 | AA27: 0 | AB27: =IFERROR(+'11-2025'!$X27*'11-2025'!$AA27,"") -> 0 | AC27: 0 | AD27: =IFERROR(+'11-2025'!$X27*'11-2025'!$AC27,"") -> 0 | AE27: 0 | AF27: =IFERROR(+'11-2025'!$X27*'11-2025'!$AE27,"") -> 0 | AG27: 0 | AH27: =IFERROR(+'11-2025'!$X27*'11-2025'!$AG27,"") -> 0 | AI27: 500 | AJ27: =IFERROR('11-2025'!$Z27+'11-2025'!$AB27+'11-2025'!$AD27+'11-2025'!$AF27+'11-2025'!$AH27+'11-2025'!$AI27,"") -> 500 | AK27: =IFERROR('11-2025'!$W27-'11-2025'!$AJ27,"") -> 2615 | AM27: 500 | AO27: 20 | AR27: 0 | AS27: 0 | AT27: 0 | AU27: 0 | AV27: 0 | AW27: 240 | AX27: 0 | AY27: 0 | AZ27: 0 | BA27: 0 | BB27: 0 | BC27: 0 | BD27: 0 | BE27: 0 | BF27: 0 | BG27: 6099.2905 | BH27: 0 | BI27: 0 | BJ27: =BD27+BC27+BB27+BA27+AZ27+AY27+AX27+AW27+AV27+AU27+AT27+AS27+AR27+BE27+BF27+BG27+BH27+BI27 -> 6339.2905 | BK27: =BJ27+AM27+AL27+'11-2025'!$N27+AN27+AO27 -> 10359.291 | BL27: ='11-2025'!$O27 -> 3500 | BM27: =BL27*18.75% -> 656.25 | BN27: =BL27*11% -> 385 | BO27: =+R27 -> 1666.6667 | BP27: =IF(BK27-BN27-BO27<0,0,BK27-BN27-BO27) -> 8307.6239 | BQ27: =IFERROR(BP27/'11-2025'!$J27,0)*12 -> 99691.487 | BR27: =IF(BQ27<=40000,0, IF(BQ27<=55000,(BQ27-40000)*10%, IF(BQ27<=70000,(BQ27-55000)*15%+1500, IF(BQ27<=200000,(BQ27-70000)*20%+1500+2250, IF(BQ27<=400000,(BQ27-200000)*22.5%+1500+2250+26000, IF(BQ27<=600000,(BQ27-400000)*25%+1500+2250+26000+45000, IF(AND(BQ27>600000,BQ27<=1200000),(BQ27-400000)*25%+1500+2250+26000+45000 +IFERROR(LOOKUP(BQ27,{600001;700001;800001;900001},{4000;6750;10250;15250}),0),IF(BQ27>1200000,((BQ27-1200000)*27.5%)+300000,0) ))))))) -> 9688.2973 | BS27: =(BR27/12*'11-2025'!$J27) -> 807.35811 | BT27: =BS27-'11-2025'!$V27 -> 807.35811 | BU27: =IFERROR(+'11-2025'!$W27+AL27+AM27+BJ27-'11-2025'!$AJ27-BT27+AN27+AO27,"")-AL27+AP27+AQ27 -> 8666.9324 | BV27: مكافاة اشراف | BX27: =+BU27-BW27 -> 8666.9324
A28: 239 | B28: يوسف كامل عبد الله صبحى غنيم | C28: 25ج القاهرة | D28: التحصيل | E28: مصرف أبو ظبى الاسلامى | F28: رئيس فريق عمل | G28: 45295 | I28: 30405030105677 | J28: 1 | K28: 3750.46 | N28: =SUM('11-2025'!$K28:$M28) -> 3750.46 | O28: 4576.9231 | P28: =O28*18.75% -> 858.17308 | Q28: =O28*11% -> 503.46154 | R28: 1666.6667 | S28: =IF(N28-Q28-R28<0,0,N28-Q28-R28) -> 1580.3318 | T28: =IFERROR(S28/J28,0)*12 -> 18963.982 | U28: =IF(T28<=40000,0, IF(T28<=55000,(T28-40000)*10%, IF(T28<=70000,(T28-55000)*15%+1500, IF(T28<=200000,(T28-70000)*20%+1500+2250, IF(T28<=400000,(T28-200000)*22.5%+1500+2250+26000, IF(T28<=600000,(T28-400000)*25%+1500+2250+26000+45000, IF(AND(T28>600000,T28<=1200000),(T28-400000)*25%+1500+2250+26000+45000 +IFERROR(LOOKUP(T28,{600001;700001;800001;900001},{4000;6750;10250;15250}),0),IF(T28>1200000,((T28-1200000)*27.5%)+300000,0) ))))))) -> 0 | V28: =U28/12*J28 -> 0 | W28: =+'11-2025'!$S28-'11-2025'!$V28+'11-2025'!$R28 -> 3246.9985 | X28: =IFERROR(W28/30,"") -> 108.23328 | Y28: 0 | Z28: =IFERROR(+'11-2025'!$X28*'11-2025'!$Y28,"") -> 0 | AA28: 0 | AB28: =IFERROR(+'11-2025'!$X28*'11-2025'!$AA28,"") -> 0 | AC28: 0 | AD28: =IFERROR(+'11-2025'!$X28*'11-2025'!$AC28,"") -> 0 | AE28: 0 | AF28: =IFERROR(+'11-2025'!$X28*'11-2025'!$AE28,"") -> 0 | AG28: 0 | AH28: =IFERROR(+'11-2025'!$X28*'11-2025'!$AG28,"") -> 0 | AI28: 200 | AJ28: =IFERROR('11-2025'!$Z28+'11-2025'!$AB28+'11-2025'!$AD28+'11-2025'!$AF28+'11-2025'!$AH28+'11-2025'!$AI28,"") -> 200 | AK28: =IFERROR('11-2025'!$W28-'11-2025'!$AJ28,"") -> 3046.9985 | AM28: 2500 | AO28: 240 | AR28: 0 | AS28: 0 | AT28: 0 | AU28: 0 | AV28: 6184.9212 | AW28: 0 | AX28: 0 | AY28: 0 | AZ28: 0 | BA28: 0 | BB28: 0 | BC28: 0 | BD28: 0 | BE28: 0 | BF28: 0 | BG28: 0 | BH28: 0 | BI28: 0 | BJ28: =BD28+BC28+BB28+BA28+AZ28+AY28+AX28+AW28+AV28+AU28+AT28+AS28+AR28+BE28+BF28+BG28+BH28+BI28 -> 6184.9212 | BK28: =BJ28+AM28+AL28+'11-2025'!$N28+AN28+AO28 -> 12675.381 | BL28: ='11-2025'!$O28 -> 4576.9231 | BM28: =BL28*18.75% -> 858.17308 | BN28: =BL28*11% -> 503.46154 | BO28: =+R28 -> 1666.6667 | BP28: =IF(BK28-BN28-BO28<0,0,BK28-BN28-BO28) -> 10505.253 | BQ28: =IFERROR(BP28/'11-2025'!$J28,0)*12 -> 126063.04 | BR28: =IF(BQ28<=40000,0, IF(BQ28<=55000,(BQ28-40000)*10%, IF(BQ28<=70000,(BQ28-55000)*15%+1500, IF(BQ28<=200000,(BQ28-70000)*20%+1500+2250, IF(BQ28<=400000,(BQ28-200000)*22.5%+1500+2250+26000, IF(BQ28<=600000,(BQ28-400000)*25%+1500+2250+26000+45000, IF(AND(BQ28>600000,BQ28<=1200000),(BQ28-400000)*25%+1500+2250+26000+45000 +IFERROR(LOOKUP(BQ28,{600001;700001;800001;900001},{4000;6750;10250;15250}),0),IF(BQ28>1200000,((BQ28-1200000)*27.5%)+300000,0) ))))))) -> 14962.607 | BS28: =(BR28/12*'11-2025'!$J28) -> 1246.8839 | BT28: =BS28-'11-2025'!$V28 -> 1246.8839 | BU28: =IFERROR(+'11-2025'!$W28+AL28+AM28+BJ28-'11-2025'!$AJ28-BT28+AN28+AO28,"")-AL28+AP28+AQ28 -> 10725.036 | BV28: مكافاة تشجيعية Cae Loans تعليمات ا/وليد | BX28: =+BU28-BW28 -> 10725.036
A29: 258 | B29: منار سيد عثمان احمد | C29: 25ج القاهرة | D29: التحصيل | E29: بنك كريدى اجريكول | F29: نائب كبير مشرفى تحصيل | G29: 45330 | I29: 30005070100726 | J29: 1 | K29: 5322.38 | N29: =SUM('11-2025'!$K29:$M29) -> 5322.38 | O29: 5230.7692 | P29: =O29*18.75% -> 980.76923 | Q29: =O29*11% -> 575.38462 | R29: 1666.6667 | S29: =IF(N29-Q29-R29<0,0,N29-Q29-R29) -> 3080.3287 | T29: =IFERROR(S29/J29,0)*12 -> 36963.945 | U29: =IF(T29<=40000,0, IF(T29<=55000,(T29-40000)*10%, IF(T29<=70000,(T29-55000)*15%+1500, IF(T29<=200000,(T29-70000)*20%+1500+2250, IF(T29<=400000,(T29-200000)*22.5%+1500+2250+26000, IF(T29<=600000,(T29-400000)*25%+1500+2250+26000+45000, IF(AND(T29>600000,T29<=1200000),(T29-400000)*25%+1500+2250+26000+45000 +IFERROR(LOOKUP(T29,{600001;700001;800001;900001},{4000;6750;10250;15250}),0),IF(T29>1200000,((T29-1200000)*27.5%)+300000,0) ))))))) -> 0 | V29: =U29/12*J29 -> 0 | W29: =+'11-2025'!$S29-'11-2025'!$V29+'11-2025'!$R29 -> 4746.9954 | X29: =IFERROR(W29/30,"") -> 158.23318 | Y29: 0 | Z29: =IFERROR(+'11-2025'!$X29*'11-2025'!$Y29,"") -> 0 | AA29: 0 | AB29: =IFERROR(+'11-2025'!$X29*'11-2025'!$AA29,"") -> 0 | AC29: 0 | AD29: =IFERROR(+'11-2025'!$X29*'11-2025'!$AC29,"") -> 0 | AE29: 0 | AF29: =IFERROR(+'11-2025'!$X29*'11-2025'!$AE29,"") -> 0 | AG29: 0 | AH29: =IFERROR(+'11-2025'!$X29*'11-2025'!$AG29,"") -> 0 | AI29: 0 | AJ29: =IFERROR('11-2025'!$Z29+'11-2025'!$AB29+'11-2025'!$AD29+'11-2025'!$AF29+'11-2025'!$AH29+'11-2025'!$AI29,"") -> 0 | AK29: =IFERROR('11-2025'!$W29-'11-2025'!$AJ29,"") -> 4746.9954 | AM29: 1500 | AO29: 140 | AR29: 0 | AS29: 0 | AT29: 0 | AU29: 0 | AV29: 2268.11 | AW29: 0 | AX29: 0 | AY29: 0 | AZ29: 0 | BA29: 0 | BB29: 0 | BC29: 0 | BD29: 0 | BE29: 0 | BF29: 0 | BG29: 0 | BH29: 0 | BI29: 0 | BJ29: =BD29+BC29+BB29+BA29+AZ29+AY29+AX29+AW29+AV29+AU29+AT29+AS29+AR29+BE29+BF29+BG29+BH29+BI29 -> 2268.11 | BK29: =BJ29+AM29+AL29+'11-2025'!$N29+AN29+AO29 -> 9230.49 | BL29: ='11-2025'!$O29 -> 5230.7692 | BM29: =BL29*18.75% -> 980.76923 | BN29: =BL29*11% -> 575.38462 | BO29: =+R29 -> 1666.6667 | BP29: =IF(BK29-BN29-BO29<0,0,BK29-BN29-BO29) -> 6988.4387 | BQ29: =IFERROR(BP29/'11-2025'!$J29,0)*12 -> 83861.265 | BR29: =IF(BQ29<=40000,0, IF(BQ29<=55000,(BQ29-40000)*10%, IF(BQ29<=70000,(BQ29-55000)*15%+1500, IF(BQ29<=200000,(BQ29-70000)*20%+1500+2250, IF(BQ29<=400000,(BQ29-200000)*22.5%+1500+2250+26000, IF(BQ29<=600000,(BQ29-400000)*25%+1500+2250+26000+45000, IF(AND(BQ29>600000,BQ29<=1200000),(BQ29-400000)*25%+1500+2250+26000+45000 +IFERROR(LOOKUP(BQ29,{600001;700001;800001;900001},{4000;6750;10250;15250}),0),IF(BQ29>1200000,((BQ29-1200000)*27.5%)+300000,0) ))))))) -> 6522.2529 | BS29: =(BR29/12*'11-2025'!$J29) -> 543.52108 | BT29: =BS29-'11-2025'!$V29 -> 543.52108 | BU29: =IFERROR(+'11-2025'!$W29+AL29+AM29+BJ29-'11-2025'!$AJ29-BT29+AN29+AO29,"")-AL29+AP29+AQ29 -> 8111.5843 | BV29: مكافاة تشجيعية Cae C.C تعليمات ا/وليد | BX29: =+BU29-BW29 -> 8111.5843 | BY29: فيزا
A30: 262 | B30: يارا رمضان يوسف عبده | C30: 20أ القاهرة | D30: التحصيل | E30: شركة مانى فيللوز | F30: وكيل تحصيل هاتفى | G30: 45333 | I30: 30401011401723 | J30: 1 | K30: 2700 | N30: =SUM('11-2025'!$K30:$M30) -> 2700 | O30: 2700 | P30: =O30*18.75% -> 506.25 | Q30: =O30*11% -> 297 | R30: 1666.6667 | S30: =IF(N30-Q30-R30<0,0,N30-Q30-R30) -> 736.33333 | T30: =IFERROR(S30/J30,0)*12 -> 8836 | U30: =IF(T30<=40000,0, IF(T30<=55000,(T30-40000)*10%, IF(T30<=70000,(T30-55000)*15%+1500, IF(T30<=200000,(T30-70000)*20%+1500+2250, IF(T30<=400000,(T30-200000)*22.5%+1500+2250+26000, IF(T30<=600000,(T30-400000)*25%+1500+2250+26000+45000, IF(AND(T30>600000,T30<=1200000),(T30-400000)*25%+1500+2250+26000+45000 +IFERROR(LOOKUP(T30,{600001;700001;800001;900001},{4000;6750;10250;15250}),0),IF(T30>1200000,((T30-1200000)*27.5%)+300000,0) ))))))) -> 0 | V30: =U30/12*J30 -> 0 | W30: =+'11-2025'!$S30-'11-2025'!$V30+'11-2025'!$R30 -> 2403 | X30: =IFERROR(W30/30,"") -> 80.1 | Y30: 0 | Z30: =IFERROR(+'11-2025'!$X30*'11-2025'!$Y30,"") -> 0 | AA30: 3 | AB30: =IFERROR(+'11-2025'!$X30*'11-2025'!$AA30,"") -> 240.3 | AC30: 0 | AD30: =IFERROR(+'11-2025'!$X30*'11-2025'!$AC30,"") -> 0 | AE30: 1 | AF30: =IFERROR(+'11-2025'!$X30*'11-2025'!$AE30,"") -> 80.1 | AG30: 1.75 | AH30: =IFERROR(+'11-2025'!$X30*'11-2025'!$AG30,"") -> 140.175 | AI30: 0 | AJ30: =IFERROR('11-2025'!$Z30+'11-2025'!$AB30+'11-2025'!$AD30+'11-2025'!$AF30+'11-2025'!$AH30+'11-2025'!$AI30,"") -> 460.575 | AK30: =IFERROR('11-2025'!$W30-'11-2025'!$AJ30,"") -> 1942.425 | AO30: 0 | AR30: 0 | AS30: 0 | AT30: 0 | AU30: 0 | AV30: 0 | AW30: 2428.7925 | AX30: 0 | AY30: 0 | AZ30: 0 | BA30: 0 | BB30: 0 | BC30: 0 | BD30: 0 | BE30: 0 | BF30: 0 | BG30: 0 | BH30: 0 | BI30: 0 | BJ30: =BD30+BC30+BB30+BA30+AZ30+AY30+AX30+AW30+AV30+AU30+AT30+AS30+AR30+BE30+BF30+BG30+BH30+BI30 -> 2428.7925 | BK30: =BJ30+AM30+AL30+'11-2025'!$N30+AN30+AO30 -> 5128.7925 | BL30: ='11-2025'!$O30 -> 2700 | BM30: =BL30*18.75% -> 506.25 | BN30: =BL30*11% -> 297 | BO30: =+R30 -> 1666.6667 | BP30: =IF(BK30-BN30-BO30<0,0,BK30-BN30-BO30) -> 3165.1258 | BQ30: =IFERROR(BP30/'11-2025'!$J30,0)*12 -> 37981.51 | BR30: =IF(BQ30<=40000,0, IF(BQ30<=55000,(BQ30-40000)*10%, IF(BQ30<=70000,(BQ30-55000)*15%+1500, IF(BQ30<=200000,(BQ30-70000)*20%+1500+2250, IF(BQ30<=400000,(BQ30-200000)*22.5%+1500+2250+26000, IF(BQ30<=600000,(BQ30-400000)*25%+1500+2250+26000+45000, IF(AND(BQ30>600000,BQ30<=1200000),(BQ30-400000)*25%+1500+2250+26000+45000 +IFERROR(LOOKUP(BQ30,{600001;700001;800001;900001},{4000;6750;10250;15250}),0),IF(BQ30>1200000,((BQ30-1200000)*27.5%)+300000,0) ))))))) -> 0 | BS30: =(BR30/12*'11-2025'!$J30) -> 0 | BT30: =BS30-'11-2025'!$V30 -> 0 | BU30: =IFERROR(+'11-2025'!$W30+AL30+AM30+BJ30-'11-2025'!$AJ30-BT30+AN30+AO30,"")-AL30+AP30+AQ30 -> 4371.2175 | BX30: =+BU30-BW30 -> 4371.2175
A31: 269 | B31: هاجر شريف محمد عبد الرؤف | C31: 25ج القاهرة | D31: التحصيل | E31: شركة راية | F31: رئيس فريق عمل | G31: 45344 | I31: 30103260102301 | J31: 1 | K31: 3000 | N31: =SUM('11-2025'!$K31:$M31) -> 3000 | O31: 3000 | P31: =O31*18.75% -> 562.5 | Q31: =O31*11% -> 330 | R31: 1666.6667 | S31: =IF(N31-Q31-R31<0,0,N31-Q31-R31) -> 1003.3333 | T31: =IFERROR(S31/J31,0)*12 -> 12040 | U31: =IF(T31<=40000,0, IF(T31<=55000,(T31-40000)*10%, IF(T31<=70000,(T31-55000)*15%+1500, IF(T31<=200000,(T31-70000)*20%+1500+2250, IF(T31<=400000,(T31-200000)*22.5%+1500+2250+26000, IF(T31<=600000,(T31-400000)*25%+1500+2250+26000+45000, IF(AND(T31>600000,T31<=1200000),(T31-400000)*25%+1500+2250+26000+45000 +IFERROR(LOOKUP(T31,{600001;700001;800001;900001},{4000;6750;10250;15250}),0),IF(T31>1200000,((T31-1200000)*27.5%)+300000,0) ))))))) -> 0 | V31: =U31/12*J31 -> 0 | W31: =+'11-2025'!$S31-'11-2025'!$V31+'11-2025'!$R31 -> 2670 | X31: =IFERROR(W31/30,"") -> 89 | Y31: 0 | Z31: =IFERROR(+'11-2025'!$X31*'11-2025'!$Y31,"") -> 0 | AA31: 0 | AB31: =IFERROR(+'11-2025'!$X31*'11-2025'!$AA31,"") -> 0 | AC31: 30 | AD31: =IFERROR(+'11-2025'!$X31*'11-2025'!$AC31,"") -> 2670 | AE31: 0 | AF31: =IFERROR(+'11-2025'!$X31*'11-2025'!$AE31,"") -> 0 | AG31: 0 | AH31: =IFERROR(+'11-2025'!$X31*'11-2025'!$AG31,"") -> 0 | AI31: 0 | AJ31: =IFERROR('11-2025'!$Z31+'11-2025'!$AB31+'11-2025'!$AD31+'11-2025'!$AF31+'11-2025'!$AH31+'11-2025'!$AI31,"") -> 2670 | AK31: =IFERROR('11-2025'!$W31-'11-2025'!$AJ31,"") -> 0 | AO31: 0 | AR31: 0 | AS31: 0 | AT31: 0 | AU31: 0 | AV31: 0 | AW31: 0 | AX31: 0 | AY31: 0 | AZ31: 0 | BA31: 0 | BB31: 0 | BC31: 0 | BD31: 0 | BE31: 0 | BF31: 0 | BG31: 0 | BH31: 0 | BI31: 0 | BJ31: =BD31+BC31+BB31+BA31+AZ31+AY31+AX31+AW31+AV31+AU31+AT31+AS31+AR31+BE31+BF31+BG31+BH31+BI31 -> 0 | BK31: =BJ31+AM31+AL31+'11-2025'!$N31+AN31+AO31 -> 3000 | BL31: ='11-2025'!$O31 -> 3000 | BM31: =BL31*18.75% -> 562.5 | BN31: =BL31*11% -> 330 | BO31: =+R31 -> 1666.6667 | BP31: =IF(BK31-BN31-BO31<0,0,BK31-BN31-BO31) -> 1003.3333 | BQ31: =IFERROR(BP31/'11-2025'!$J31,0)*12 -> 12040 | BR31: =IF(BQ31<=40000,0, IF(BQ31<=55000,(BQ31-40000)*10%, IF(BQ31<=70000,(BQ31-55000)*15%+1500, IF(BQ31<=200000,(BQ31-70000)*20%+1500+2250, IF(BQ31<=400000,(BQ31-200000)*22.5%+1500+2250+26000, IF(BQ31<=600000,(BQ31-400000)*25%+1500+2250+26000+45000, IF(AND(BQ31>600000,BQ31<=1200000),(BQ31-400000)*25%+1500+2250+26000+45000 +IFERROR(LOOKUP(BQ31,{600001;700001;800001;900001},{4000;6750;10250;15250}),0),IF(BQ31>1200000,((BQ31-1200000)*27.5%)+300000,0) ))))))) -> 0 | BS31: =(BR31/12*'11-2025'!$J31) -> 0 | BT31: =BS31-'11-2025'!$V31 -> 0 | BU31: =IFERROR(+'11-2025'!$W31+AL31+AM31+BJ31-'11-2025'!$AJ31-BT31+AN31+AO31,"")-AL31+AP31+AQ31 -> 0 | BX31: =+BU31-BW31 -> 0
A32: 273 | B32: ملك رمضان يوسف عبده | C32: 20أ القاهرة | D32: التحصيل | E32: شركة حالا | F32: وكيل تحصيل هاتفى | G32: 45355 | I32: 30602171401202 | J32: 1 | K32: 2949.73 | N32: =SUM('11-2025'!$K32:$M32) -> 2949.73 | O32: 4088.5 | P32: =O32*18.75% -> 766.59375 | Q32: =O32*11% -> 449.735 | R32: 1666.6667 | S32: =IF(N32-Q32-R32<0,0,N32-Q32-R32) -> 833.32833 | T32: =IFERROR(S32/J32,0)*12 -> 9999.94 | U32: =IF(T32<=40000,0, IF(T32<=55000,(T32-40000)*10%, IF(T32<=70000,(T32-55000)*15%+1500, IF(T32<=200000,(T32-70000)*20%+1500+2250, IF(T32<=400000,(T32-200000)*22.5%+1500+2250+26000, IF(T32<=600000,(T32-400000)*25%+1500+2250+26000+45000, IF(AND(T32>600000,T32<=1200000),(T32-400000)*25%+1500+2250+26000+45000 +IFERROR(LOOKUP(T32,{600001;700001;800001;900001},{4000;6750;10250;15250}),0),IF(T32>1200000,((T32-1200000)*27.5%)+300000,0) ))))))) -> 0 | V32: =U32/12*J32 -> 0 | W32: =+'11-2025'!$S32-'11-2025'!$V32+'11-2025'!$R32 -> 2499.995 | X32: =IFERROR(W32/30,"") -> 83.333167 | Y32: 0 | Z32: =IFERROR(+'11-2025'!$X32*'11-2025'!$Y32,"") -> 0 | AA32: 0 | AB32: =IFERROR(+'11-2025'!$X32*'11-2025'!$AA32,"") -> 0 | AC32: 4 | AD32: =IFERROR(+'11-2025'!$X32*'11-2025'!$AC32,"") -> 333.33267 | AE32: 0 | AF32: =IFERROR(+'11-2025'!$X32*'11-2025'!$AE32,"") -> 0 | AG32: 1.5 | AH32: =IFERROR(+'11-2025'!$X32*'11-2025'!$AG32,"") -> 124.99975 | AI32: 0 | AJ32: =IFERROR('11-2025'!$Z32+'11-2025'!$AB32+'11-2025'!$AD32+'11-2025'!$AF32+'11-2025'!$AH32+'11-2025'!$AI32,"") -> 458.33242 | AK32: =IFERROR('11-2025'!$W32-'11-2025'!$AJ32,"") -> 2041.6626 | AO32: 0 | AR32: 0 | AS32: 760.7425 | AT32: 0 | AU32: 0 | AV32: 0 | AW32: 0 | AX32: 0 | AY32: 0 | AZ32: 0 | BA32: 0 | BB32: 0 | BC32: 0 | BD32: 0 | BE32: 0 | BF32: 0 | BG32: 0 | BH32: 0 | BI32: 0 | BJ32: =BD32+BC32+BB32+BA32+AZ32+AY32+AX32+AW32+AV32+AU32+AT32+AS32+AR32+BE32+BF32+BG32+BH32+BI32 -> 760.7425 | BK32: =BJ32+AM32+AL32+'11-2025'!$N32+AN32+AO32 -> 3710.4725 | BL32: ='11-2025'!$O32 -> 4088.5 | BM32: =BL32*18.75% -> 766.59375 | BN32: =BL32*11% -> 449.735 | BO32: =+R32 -> 1666.6667 | BP32: =IF(BK32-BN32-BO32<0,0,BK32-BN32-BO32) -> 1594.0708 | BQ32: =IFERROR(BP32/'11-2025'!$J32,0)*12 -> 19128.85 | BR32: =IF(BQ32<=40000,0, IF(BQ32<=55000,(BQ32-40000)*10%, IF(BQ32<=70000,(BQ32-55000)*15%+1500, IF(BQ32<=200000,(BQ32-70000)*20%+1500+2250, IF(BQ32<=400000,(BQ32-200000)*22.5%+1500+2250+26000, IF(BQ32<=600000,(BQ32-400000)*25%+1500+2250+26000+45000, IF(AND(BQ32>600000,BQ32<=1200000),(BQ32-400000)*25%+1500+2250+26000+45000 +IFERROR(LOOKUP(BQ32,{600001;700001;800001;900001},{4000;6750;10250;15250}),0),IF(BQ32>1200000,((BQ32-1200000)*27.5%)+300000,0) ))))))) -> 0 | BS32: =(BR32/12*'11-2025'!$J32) -> 0 | BT32: =BS32-'11-2025'!$V32 -> 0 | BU32: =IFERROR(+'11-2025'!$W32+AL32+AM32+BJ32-'11-2025'!$AJ32-BT32+AN32+AO32,"")-AL32+AP32+AQ32 -> 2802.4051 | BX32: =+BU32-BW32 -> 2802.4051
A33: 278 | B33: هشام فتح الله عبدربه فرج | C33: 25ج القاهرة | D33: التحصيل | E33: بنك كريدى اجريكول | F33: رئيس فريق عمل | G33: 45358 | H33: 45931 | I33: 26303201400474 | J33: 1 | K33: 3700 | N33: =SUM('11-2025'!$K33:$M33) -> 3700 | P33: =O33*18.75% -> 0 | Q33: =O33*11% -> 0 | R33: 1666.6667 | S33: =IF(N33-Q33-R33<0,0,N33-Q33-R33) -> 2033.3333 | T33: =IFERROR(S33/J33,0)*12 -> 24400 | U33: =IF(T33<=40000,0, IF(T33<=55000,(T33-40000)*10%, IF(T33<=70000,(T33-55000)*15%+1500, IF(T33<=200000,(T33-70000)*20%+1500+2250, IF(T33<=400000,(T33-200000)*22.5%+1500+2250+26000, IF(T33<=600000,(T33-400000)*25%+1500+2250+26000+45000, IF(AND(T33>600000,T33<=1200000),(T33-400000)*25%+1500+2250+26000+45000 +IFERROR(LOOKUP(T33,{600001;700001;800001;900001},{4000;6750;10250;15250}),0),IF(T33>1200000,((T33-1200000)*27.5%)+300000,0) ))))))) -> 0 | V33: =U33/12*J33 -> 0 | W33: =+'11-2025'!$S33-'11-2025'!$V33+'11-2025'!$R33 -> 3700 | X33: =IFERROR(W33/30,"") -> 123.33333 | Z33: =IFERROR(+'11-2025'!$X33*'11-2025'!$Y33,"") -> 0 | AB33: =IFERROR(+'11-2025'!$X33*'11-2025'!$AA33,"") -> 0 | AC33: 30 | AD33: =IFERROR(+'11-2025'!$X33*'11-2025'!$AC33,"") -> 3700 | AF33: =IFERROR(+'11-2025'!$X33*'11-2025'!$AE33,"") -> 0 | AH33: =IFERROR(+'11-2025'!$X33*'11-2025'!$AG33,"") -> 0 | AI33: 0 | AJ33: =IFERROR('11-2025'!$Z33+'11-2025'!$AB33+'11-2025'!$AD33+'11-2025'!$AF33+'11-2025'!$AH33+'11-2025'!$AI33,"") -> 3700 | AK33: =IFERROR('11-2025'!$W33-'11-2025'!$AJ33,"") -> 0 | AR33: 0 | AS33: 0 | AT33: 0 | AU33: 0 | AV33: 0 | AW33: 0 | AX33: 0 | AY33: 0 | AZ33: 0 | BA33: 0 | BB33: 0 | BC33: 0 | BD33: 0 | BE33: 0 | BF33: 0 | BG33: 0 | BH33: 0 | BI33: 0 | BJ33: =BD33+BC33+BB33+BA33+AZ33+AY33+AX33+AW33+AV33+AU33+AT33+AS33+AR33+BE33+BF33+BG33+BH33+BI33 -> 0 | BK33: =BJ33+AM33+AL33+'11-2025'!$N33+AN33+AO33 -> 3700 | BL33: ='11-2025'!$O33 -> 0 | BM33: =BL33*18.75% -> 0 | BN33: =BL33*11% -> 0 | BO33: =+R33 -> 1666.6667 | BP33: =IF(BK33-BN33-BO33<0,0,BK33-BN33-BO33) -> 2033.3333 | BQ33: =IFERROR(BP33/'11-2025'!$J33,0)*12 -> 24400 | BR33: =IF(BQ33<=40000,0, IF(BQ33<=55000,(BQ33-40000)*10%, IF(BQ33<=70000,(BQ33-55000)*15%+1500, IF(BQ33<=200000,(BQ33-70000)*20%+1500+2250, IF(BQ33<=400000,(BQ33-200000)*22.5%+1500+2250+26000, IF(BQ33<=600000,(BQ33-400000)*25%+1500+2250+26000+45000, IF(AND(BQ33>600000,BQ33<=1200000),(BQ33-400000)*25%+1500+2250+26000+45000 +IFERROR(LOOKUP(BQ33,{600001;700001;800001;900001},{4000;6750;10250;15250}),0),IF(BQ33>1200000,((BQ33-1200000)*27.5%)+300000,0) ))))))) -> 0 | BS33: =(BR33/12*'11-2025'!$J33) -> 0 | BT33: =BS33-'11-2025'!$V33 -> 0 | BU33: =IFERROR(+'11-2025'!$W33+AL33+AM33+BJ33-'11-2025'!$AJ33-BT33+AN33+AO33,"")-AL33+AP33+AQ33 -> 0 | BX33: =+BU33-BW33 -> 0
A34: 284 | B34: زياد كرم عبد الفضيل عبد المجيد | C34: 20أ القاهرة | D34: التحصيل | E34: ميد بنك | F34: رئيس فريق عمل | G34: 45370 | H34: 45961 | I34: 30208171403094 | J34: 1 | K34: 3500 | N34: =SUM('11-2025'!$K34:$M34) -> 3500 | P34: =O34*18.75% -> 0 | Q34: =O34*11% -> 0 | R34: 1666.6667 | S34: =IF(N34-Q34-R34<0,0,N34-Q34-R34) -> 1833.3333 | T34: =IFERROR(S34/J34,0)*12 -> 22000 | U34: =IF(T34<=40000,0, IF(T34<=55000,(T34-40000)*10%, IF(T34<=70000,(T34-55000)*15%+1500, IF(T34<=200000,(T34-70000)*20%+1500+2250, IF(T34<=400000,(T34-200000)*22.5%+1500+2250+26000, IF(T34<=600000,(T34-400000)*25%+1500+2250+26000+45000, IF(AND(T34>600000,T34<=1200000),(T34-400000)*25%+1500+2250+26000+45000 +IFERROR(LOOKUP(T34,{600001;700001;800001;900001},{4000;6750;10250;15250}),0),IF(T34>1200000,((T34-1200000)*27.5%)+300000,0) ))))))) -> 0 | V34: =U34/12*J34 -> 0 | W34: =+'11-2025'!$S34-'11-2025'!$V34+'11-2025'!$R34 -> 3500 | X34: =IFERROR(W34/30,"") -> 116.66667 | Z34: =IFERROR(+'11-2025'!$X34*'11-2025'!$Y34,"") -> 0 | AA34: 0 | AB34: =IFERROR(+'11-2025'!$X34*'11-2025'!$AA34,"") -> 0 | AC34: 23 | AD34: =IFERROR(+'11-2025'!$X34*'11-2025'!$AC34,"") -> 2683.3333 | AE34: 3 | AF34: =IFERROR(+'11-2025'!$X34*'11-2025'!$AE34,"") -> 350 | AH34: =IFERROR(+'11-2025'!$X34*'11-2025'!$AG34,"") -> 0 | AI34: 1000 | AJ34: =IFERROR('11-2025'!$Z34+'11-2025'!$AB34+'11-2025'!$AD34+'11-2025'!$AF34+'11-2025'!$AH34+'11-2025'!$AI34,"") -> 4033.3333 | AK34: =IFERROR('11-2025'!$W34-'11-2025'!$AJ34,"") -> -533.33333 | AR34: 0 | AS34: 0 | AT34: 0 | AU34: 0 | AV34: 0 | AW34: 0 | AX34: 0 | AY34: 0 | AZ34: 0 | BA34: 0 | BB34: 0 | BC34: 0 | BD34: 0 | BE34: 0 | BF34: 0 | BG34: 0 | BH34: 0 | BI34: 0 | BJ34: =BD34+BC34+BB34+BA34+AZ34+AY34+AX34+AW34+AV34+AU34+AT34+AS34+AR34+BE34+BF34+BG34+BH34+BI34 -> 0 | BK34: =BJ34+AM34+AL34+'11-2025'!$N34+AN34+AO34 -> 3500 | BL34: ='11-2025'!$O34 -> 0 | BM34: =BL34*18.75% -> 0 | BN34: =BL34*11% -> 0 | BO34: =+R34 -> 1666.6667 | BP34: =IF(BK34-BN34-BO34<0,0,BK34-BN34-BO34) -> 1833.3333 | BQ34: =IFERROR(BP34/'11-2025'!$J34,0)*12 -> 22000 | BR34: =IF(BQ34<=40000,0, IF(BQ34<=55000,(BQ34-40000)*10%, IF(BQ34<=70000,(BQ34-55000)*15%+1500, IF(BQ34<=200000,(BQ34-70000)*20%+1500+2250, IF(BQ34<=400000,(BQ34-200000)*22.5%+1500+2250+26000, IF(BQ34<=600000,(BQ34-400000)*25%+1500+2250+26000+45000, IF(AND(BQ34>600000,BQ34<=1200000),(BQ34-400000)*25%+1500+2250+26000+45000 +IFERROR(LOOKUP(BQ34,{600001;700001;800001;900001},{4000;6750;10250;15250}),0),IF(BQ34>1200000,((BQ34-1200000)*27.5%)+300000,0) ))))))) -> 0 | BS34: =(BR34/12*'11-2025'!$J34) -> 0 | BT34: =BS34-'11-2025'!$V34 -> 0 | BU34: =IFERROR(+'11-2025'!$W34+AL34+AM34+BJ34-'11-2025'!$AJ34-BT34+AN34+AO34,"")-AL34+AP34+AQ34 -> -533.33333 | BX34: =+BU34-BW34 -> -533.33333
A35: 289 | B35: صبرى عبد الهادى عبد الهادى | C35: المنصورة | D35: الادارى | E35: الخدمات المعاونة | F35: خدمات معاونة | G35: 45399 | I35: 28509251202635 | J35: 1 | K35: 4657.39 | N35: =SUM('11-2025'!$K35:$M35) -> 4657.39 | O35: 3730.8462 | P35: =O35*18.75% -> 699.53365 | Q35: =O35*11% -> 410.39308 | R35: 1666.6667 | S35: =IF(N35-Q35-R35<0,0,N35-Q35-R35) -> 2580.3303 | T35: =IFERROR(S35/J35,0)*12 -> 30963.963 | U35: =IF(T35<=40000,0, IF(T35<=55000,(T35-40000)*10%, IF(T35<=70000,(T35-55000)*15%+1500, IF(T35<=200000,(T35-70000)*20%+1500+2250, IF(T35<=400000,(T35-200000)*22.5%+1500+2250+26000, IF(T35<=600000,(T35-400000)*25%+1500+2250+26000+45000, IF(AND(T35>600000,T35<=1200000),(T35-400000)*25%+1500+2250+26000+45000 +IFERROR(LOOKUP(T35,{600001;700001;800001;900001},{4000;6750;10250;15250}),0),IF(T35>1200000,((T35-1200000)*27.5%)+300000,0) ))))))) -> 0 | V35: =U35/12*J35 -> 0 | W35: =+'11-2025'!$S35-'11-2025'!$V35+'11-2025'!$R35 -> 4246.9969 | X35: =IFERROR(W35/30,"") -> 141.56656 | Y35: 0 | Z35: =IFERROR(+'11-2025'!$X35*'11-2025'!$Y35,"") -> 0 | AA35: 0 | AB35: =IFERROR(+'11-2025'!$X35*'11-2025'!$AA35,"") -> 0 | AC35: 0 | AD35: =IFERROR(+'11-2025'!$X35*'11-2025'!$AC35,"") -> 0 | AE35: 0 | AF35: =IFERROR(+'11-2025'!$X35*'11-2025'!$AE35,"") -> 0 | AG35: 0 | AH35: =IFERROR(+'11-2025'!$X35*'11-2025'!$AG35,"") -> 0 | AI35: 500 | AJ35: =IFERROR('11-2025'!$Z35+'11-2025'!$AB35+'11-2025'!$AD35+'11-2025'!$AF35+'11-2025'!$AH35+'11-2025'!$AI35,"") -> 500 | AK35: =IFERROR('11-2025'!$W35-'11-2025'!$AJ35,"") -> 3746.9969 | AO35: 140 | AP35: 283.13313 | AR35: 0 | AS35: 0 | AT35: 0 | AU35: 0 | AV35: 0 | AW35: 0 | AX35: 0 | AY35: 0 | AZ35: 0 | BA35: 0 | BB35: 0 | BC35: 0 | BD35: 0 | BE35: 0 | BF35: 0 | BG35: 0 | BH35: 0 | BI35: 0 | BJ35: =BD35+BC35+BB35+BA35+AZ35+AY35+AX35+AW35+AV35+AU35+AT35+AS35+AR35+BE35+BF35+BG35+BH35+BI35 -> 0 | BK35: =BJ35+AM35+AL35+'11-2025'!$N35+AN35+AO35 -> 4797.39 | BL35: ='11-2025'!$O35 -> 3730.8462 | BM35: =BL35*18.75% -> 699.53365 | BN35: =BL35*11% -> 410.39308 | BO35: =+R35 -> 1666.6667 | BP35: =IF(BK35-BN35-BO35<0,0,BK35-BN35-BO35) -> 2720.3303 | BQ35: =IFERROR(BP35/'11-2025'!$J35,0)*12 -> 32643.963 | BR35: =IF(BQ35<=40000,0, IF(BQ35<=55000,(BQ35-40000)*10%, IF(BQ35<=70000,(BQ35-55000)*15%+1500, IF(BQ35<=200000,(BQ35-70000)*20%+1500+2250, IF(BQ35<=400000,(BQ35-200000)*22.5%+1500+2250+26000, IF(BQ35<=600000,(BQ35-400000)*25%+1500+2250+26000+45000, IF(AND(BQ35>600000,BQ35<=1200000),(BQ35-400000)*25%+1500+2250+26000+45000 +IFERROR(LOOKUP(BQ35,{600001;700001;800001;900001},{4000;6750;10250;15250}),0),IF(BQ35>1200000,((BQ35-1200000)*27.5%)+300000,0) ))))))) -> 0 | BS35: =(BR35/12*'11-2025'!$J35) -> 0 | BT35: 0 | BU35: =IFERROR(+'11-2025'!$W35+AL35+AM35+BJ35-'11-2025'!$AJ35-BT35+AN35+AO35,"")-AL35+AP35+AQ35 -> 4170.1301 | BV35: عدد 2 يوم بدل حضور يوم الجمعه | BX35: =+BU35-BW35 -> 4170.1301 | BY35: فيزا
A36: 294 | B36: باسم ناجى سعد ابرهيم خلف | C36: المنصورة | D36: الادارى | E36: المالية | F36: محاسب | G36: 45400 | I36: 29005011201254 | J36: 1 | K36: 5157.39 | N36: =SUM('11-2025'!$K36:$M36) -> 5157.39 | O36: 3730.8462 | P36: =O36*18.75% -> 699.53365 | Q36: =O36*11% -> 410.39308 | R36: 1666.6667 | S36: =IF(N36-Q36-R36<0,0,N36-Q36-R36) -> 3080.3303 | T36: =IFERROR(S36/J36,0)*12 -> 36963.963 | U36: =IF(T36<=40000,0, IF(T36<=55000,(T36-40000)*10%, IF(T36<=70000,(T36-55000)*15%+1500, IF(T36<=200000,(T36-70000)*20%+1500+2250, IF(T36<=400000,(T36-200000)*22.5%+1500+2250+26000, IF(T36<=600000,(T36-400000)*25%+1500+2250+26000+45000, IF(AND(T36>600000,T36<=1200000),(T36-400000)*25%+1500+2250+26000+45000 +IFERROR(LOOKUP(T36,{600001;700001;800001;900001},{4000;6750;10250;15250}),0),IF(T36>1200000,((T36-1200000)*27.5%)+300000,0) ))))))) -> 0 | V36: =U36/12*J36 -> 0 | W36: =+'11-2025'!$S36-'11-2025'!$V36+'11-2025'!$R36 -> 4746.9969 | X36: =IFERROR(W36/30,"") -> 158.23323 | Y36: 0 | Z36: =IFERROR(+'11-2025'!$X36*'11-2025'!$Y36,"") -> 0 | AA36: 0 | AB36: =IFERROR(+'11-2025'!$X36*'11-2025'!$AA36,"") -> 0 | AC36: 0 | AD36: =IFERROR(+'11-2025'!$X36*'11-2025'!$AC36,"") -> 0 | AE36: 0 | AF36: =IFERROR(+'11-2025'!$X36*'11-2025'!$AE36,"") -> 0 | AG36: 0 | AH36: =IFERROR(+'11-2025'!$X36*'11-2025'!$AG36,"") -> 0 | AI36: 1000 | AJ36: =IFERROR('11-2025'!$Z36+'11-2025'!$AB36+'11-2025'!$AD36+'11-2025'!$AF36+'11-2025'!$AH36+'11-2025'!$AI36,"") -> 1000 | AK36: =IFERROR('11-2025'!$W36-'11-2025'!$AJ36,"") -> 3746.9969 | AM36: 1000 | AO36: 120 | AR36: 0 | AS36: 0 | AT36: 0 | AU36: 0 | AV36: 0 | AW36: 0 | AX36: 0 | AY36: 0 | AZ36: 0 | BA36: 0 | BB36: 0 | BC36: 0 | BD36: 0 | BE36: 0 | BF36: 0 | BG36: 0 | BH36: 0 | BI36: 0 | BJ36: =BD36+BC36+BB36+BA36+AZ36+AY36+AX36+AW36+AV36+AU36+AT36+AS36+AR36+BE36+BF36+BG36+BH36+BI36 -> 0 | BK36: =BJ36+AM36+AL36+'11-2025'!$N36+AN36+AO36 -> 6277.39 | BL36: ='11-2025'!$O36 -> 3730.8462 | BM36: =BL36*18.75% -> 699.53365 | BN36: =BL36*11% -> 410.39308 | BO36: =+R36 -> 1666.6667 | BP36: =IF(BK36-BN36-BO36<0,0,BK36-BN36-BO36) -> 4200.3303 | BQ36: =IFERROR(BP36/'11-2025'!$J36,0)*12 -> 50403.963 | BR36: =IF(BQ36<=40000,0, IF(BQ36<=55000,(BQ36-40000)*10%, IF(BQ36<=70000,(BQ36-55000)*15%+1500, IF(BQ36<=200000,(BQ36-70000)*20%+1500+2250, IF(BQ36<=400000,(BQ36-200000)*22.5%+1500+2250+26000, IF(BQ36<=600000,(BQ36-400000)*25%+1500+2250+26000+45000, IF(AND(BQ36>600000,BQ36<=1200000),(BQ36-400000)*25%+1500+2250+26000+45000 +IFERROR(LOOKUP(BQ36,{600001;700001;800001;900001},{4000;6750;10250;15250}),0),IF(BQ36>1200000,((BQ36-1200000)*27.5%)+300000,0) ))))))) -> 1040.3963 | BS36: =(BR36/12*'11-2025'!$J36) -> 86.699692 | BT36: 0 | BU36: =IFERROR(+'11-2025'!$W36+AL36+AM36+BJ36-'11-2025'!$AJ36-BT36+AN36+AO36,"")-AL36+AP36+AQ36 -> 4866.9969 | BV36: مكافاة تشجيعية من الإدارة | BX36: =+BU36-BW36 -> 4866.9969 | BY36: فيزا
A37: 302 | B37: مى سيد إبراهيم حنفي عقل | C37: المنصورة | D37: الادارى | E37: منسقى البيانات | F37: منسق بيانات | G37: 45416 | I37: 30207051201769 | J37: 1 | K37: 2700 | N37: =SUM('11-2025'!$K37:$M37) -> 2700 | P37: =O37*18.75% -> 0 | Q37: =O37*11% -> 0 | R37: 1666.6667 | S37: =IF(N37-Q37-R37<0,0,N37-Q37-R37) -> 1033.3333 | T37: =IFERROR(S37/J37,0)*12 -> 12400 | U37: =IF(T37<=40000,0, IF(T37<=55000,(T37-40000)*10%, IF(T37<=70000,(T37-55000)*15%+1500, IF(T37<=200000,(T37-70000)*20%+1500+2250, IF(T37<=400000,(T37-200000)*22.5%+1500+2250+26000, IF(T37<=600000,(T37-400000)*25%+1500+2250+26000+45000, IF(AND(T37>600000,T37<=1200000),(T37-400000)*25%+1500+2250+26000+45000 +IFERROR(LOOKUP(T37,{600001;700001;800001;900001},{4000;6750;10250;15250}),0),IF(T37>1200000,((T37-1200000)*27.5%)+300000,0) ))))))) -> 0 | V37: =U37/12*J37 -> 0 | W37: =+'11-2025'!$S37-'11-2025'!$V37+'11-2025'!$R37 -> 2700 | X37: =IFERROR(W37/30,"") -> 90 | Y37: 0 | Z37: =IFERROR(+'11-2025'!$X37*'11-2025'!$Y37,"") -> 0 | AA37: 0 | AB37: =IFERROR(+'11-2025'!$X37*'11-2025'!$AA37,"") -> 0 | AC37: 1 | AD37: =IFERROR(+'11-2025'!$X37*'11-2025'!$AC37,"") -> 90 | AE37: 0 | AF37: =IFERROR(+'11-2025'!$X37*'11-2025'!$AE37,"") -> 0 | AG37: 2.25 | AH37: =IFERROR(+'11-2025'!$X37*'11-2025'!$AG37,"") -> 202.5 | AI37: 300 | AJ37: =IFERROR('11-2025'!$Z37+'11-2025'!$AB37+'11-2025'!$AD37+'11-2025'!$AF37+'11-2025'!$AH37+'11-2025'!$AI37,"") -> 592.5 | AK37: =IFERROR('11-2025'!$W37-'11-2025'!$AJ37,"") -> 2107.5 | AO37: 20 | AR37: 0 | AS37: 0 | AT37: 0 | AU37: 0 | AV37: 0 | AW37: 0 | AX37: 0 | AY37: 0 | AZ37: 0 | BA37: 0 | BB37: 0 | BC37: 0 | BD37: 0 | BE37: 1991.86 | BF37: 0 | BG37: 0 | BH37: 0 | BI37: 0 | BJ37: =BD37+BC37+BB37+BA37+AZ37+AY37+AX37+AW37+AV37+AU37+AT37+AS37+AR37+BE37+BF37+BG37+BH37+BI37 -> 1991.86 | BK37: =BJ37+AM37+AL37+'11-2025'!$N37+AN37+AO37 -> 4711.86 | BL37: ='11-2025'!$O37 -> 0 | BM37: =BL37*18.75% -> 0 | BN37: =BL37*11% -> 0 | BO37: =+R37 -> 1666.6667 | BP37: =IF(BK37-BN37-BO37<0,0,BK37-BN37-BO37) -> 3045.1933 | BQ37: =IFERROR(BP37/'11-2025'!$J37,0)*12 -> 36542.32 | BR37: =IF(BQ37<=40000,0, IF(BQ37<=55000,(BQ37-40000)*10%, IF(BQ37<=70000,(BQ37-55000)*15%+1500, IF(BQ37<=200000,(BQ37-70000)*20%+1500+2250, IF(BQ37<=400000,(BQ37-200000)*22.5%+1500+2250+26000, IF(BQ37<=600000,(BQ37-400000)*25%+1500+2250+26000+45000, IF(AND(BQ37>600000,BQ37<=1200000),(BQ37-400000)*25%+1500+2250+26000+45000 +IFERROR(LOOKUP(BQ37,{600001;700001;800001;900001},{4000;6750;10250;15250}),0),IF(BQ37>1200000,((BQ37-1200000)*27.5%)+300000,0) ))))))) -> 0 | BS37: =(BR37/12*'11-2025'!$J37) -> 0 | BT37: =BS37-'11-2025'!$V37 -> 0 | BU37: =IFERROR(+'11-2025'!$W37+AL37+AM37+BJ37-'11-2025'!$AJ37-BT37+AN37+AO37,"")-AL37+AP37+AQ37 -> 4119.36 | BX37: =+BU37-BW37 -> 4119.36 | BY37: فيزا
A38: 324 | B38: شوقية محمد عثمان احمد | C38: المنصورة | D38: التحصيل | E38: متعدد | F38: وكيل تحصيل هاتفى | G38: 45880 | H38: 45931 | I38: 29706171200384 | J38: 1 | K38: 2500 | N38: =SUM('11-2025'!$K38:$M38) -> 2500 | P38: =O38*18.75% -> 0 | Q38: =O38*11% -> 0 | R38: 1666.6667 | S38: =IF(N38-Q38-R38<0,0,N38-Q38-R38) -> 833.33333 | T38: =IFERROR(S38/J38,0)*12 -> 10000 | U38: =IF(T38<=40000,0, IF(T38<=55000,(T38-40000)*10%, IF(T38<=70000,(T38-55000)*15%+1500, IF(T38<=200000,(T38-70000)*20%+1500+2250, IF(T38<=400000,(T38-200000)*22.5%+1500+2250+26000, IF(T38<=600000,(T38-400000)*25%+1500+2250+26000+45000, IF(AND(T38>600000,T38<=1200000),(T38-400000)*25%+1500+2250+26000+45000 +IFERROR(LOOKUP(T38,{600001;700001;800001;900001},{4000;6750;10250;15250}),0),IF(T38>1200000,((T38-1200000)*27.5%)+300000,0) ))))))) -> 0 | V38: =U38/12*J38 -> 0 | W38: =+'11-2025'!$S38-'11-2025'!$V38+'11-2025'!$R38 -> 2500 | X38: =IFERROR(W38/30,"") -> 83.333333 | Z38: =IFERROR(+'11-2025'!$X38*'11-2025'!$Y38,"") -> 0 | AB38: =IFERROR(+'11-2025'!$X38*'11-2025'!$AA38,"") -> 0 | AC38: 30 | AD38: =IFERROR(+'11-2025'!$X38*'11-2025'!$AC38,"") -> 2500 | AF38: =IFERROR(+'11-2025'!$X38*'11-2025'!$AE38,"") -> 0 | AH38: =IFERROR(+'11-2025'!$X38*'11-2025'!$AG38,"") -> 0 | AI38: 0 | AJ38: =IFERROR('11-2025'!$Z38+'11-2025'!$AB38+'11-2025'!$AD38+'11-2025'!$AF38+'11-2025'!$AH38+'11-2025'!$AI38,"") -> 2500 | AK38: =IFERROR('11-2025'!$W38-'11-2025'!$AJ38,"") -> 0 | AR38: 0 | AS38: 0 | AT38: 0 | AU38: 0 | AV38: 0 | AW38: 0 | AX38: 0 | AY38: 0 | AZ38: 0 | BA38: 0 | BB38: 0 | BC38: 0 | BD38: 0 | BE38: 0 | BF38: 0 | BG38: 0 | BH38: 0 | BI38: 0 | BJ38: =BD38+BC38+BB38+BA38+AZ38+AY38+AX38+AW38+AV38+AU38+AT38+AS38+AR38+BE38+BF38+BG38+BH38+BI38 -> 0 | BK38: =BJ38+AM38+AL38+'11-2025'!$N38+AN38+AO38 -> 2500 | BL38: ='11-2025'!$O38 -> 0 | BM38: =BL38*18.75% -> 0 | BN38: =BL38*11% -> 0 | BO38: =+R38 -> 1666.6667 | BP38: =IF(BK38-BN38-BO38<0,0,BK38-BN38-BO38) -> 833.33333 | BQ38: =IFERROR(BP38/'11-2025'!$J38,0)*12 -> 10000 | BR38: =IF(BQ38<=40000,0, IF(BQ38<=55000,(BQ38-40000)*10%, IF(BQ38<=70000,(BQ38-55000)*15%+1500, IF(BQ38<=200000,(BQ38-70000)*20%+1500+2250, IF(BQ38<=400000,(BQ38-200000)*22.5%+1500+2250+26000, IF(BQ38<=600000,(BQ38-400000)*25%+1500+2250+26000+45000, IF(AND(BQ38>600000,BQ38<=1200000),(BQ38-400000)*25%+1500+2250+26000+45000 +IFERROR(LOOKUP(BQ38,{600001;700001;800001;900001},{4000;6750;10250;15250}),0),IF(BQ38>1200000,((BQ38-1200000)*27.5%)+300000,0) ))))))) -> 0 | BS38: =(BR38/12*'11-2025'!$J38) -> 0 | BT38: =BS38-'11-2025'!$V38 -> 0 | BU38: =IFERROR(+'11-2025'!$W38+AL38+AM38+BJ38-'11-2025'!$AJ38-BT38+AN38+AO38,"")-AL38+AP38+AQ38 -> 0 | BX38: =+BU38-BW38 -> 0
A39: 332 | B39: إسماعيل سلامه إسماعيل بركات | C39: 25ج القاهرة | D39: التحصيل | E39: بنك كريدى اجريكول | F39: وكيل تحصيل | G39: 45465 | I39: 30601161400333 | J39: 1 | K39: 3214.5 | N39: =SUM('11-2025'!$K39:$M39) -> 3214.5 | O39: 4250 | P39: =O39*18.75% -> 796.875 | Q39: =O39*11% -> 467.5 | R39: 1666.6667 | S39: =IF(N39-Q39-R39<0,0,N39-Q39-R39) -> 1080.3333 | T39: =IFERROR(S39/J39,0)*12 -> 12964 | U39: =IF(T39<=40000,0, IF(T39<=55000,(T39-40000)*10%, IF(T39<=70000,(T39-55000)*15%+1500, IF(T39<=200000,(T39-70000)*20%+1500+2250, IF(T39<=400000,(T39-200000)*22.5%+1500+2250+26000, IF(T39<=600000,(T39-400000)*25%+1500+2250+26000+45000, IF(AND(T39>600000,T39<=1200000),(T39-400000)*25%+1500+2250+26000+45000 +IFERROR(LOOKUP(T39,{600001;700001;800001;900001},{4000;6750;10250;15250}),0),IF(T39>1200000,((T39-1200000)*27.5%)+300000,0) ))))))) -> 0 | V39: =U39/12*J39 -> 0 | W39: =+'11-2025'!$S39-'11-2025'!$V39+'11-2025'!$R39 -> 2747 | X39: =IFERROR(W39/30,"") -> 91.566667 | Y39: 0 | Z39: =IFERROR(+'11-2025'!$X39*'11-2025'!$Y39,"") -> 0 | AA39: 0 | AB39: =IFERROR(+'11-2025'!$X39*'11-2025'!$AA39,"") -> 0 | AC39: 0.5 | AD39: =IFERROR(+'11-2025'!$X39*'11-2025'!$AC39,"") -> 45.783333 | AE39: 0 | AF39: =IFERROR(+'11-2025'!$X39*'11-2025'!$AE39,"") -> 0 | AG39: 1.5 | AH39: =IFERROR(+'11-2025'!$X39*'11-2025'!$AG39,"") -> 137.35 | AI39: 1000 | AJ39: =IFERROR('11-2025'!$Z39+'11-2025'!$AB39+'11-2025'!$AD39+'11-2025'!$AF39+'11-2025'!$AH39+'11-2025'!$AI39,"") -> 1183.1333 | AK39: =IFERROR('11-2025'!$W39-'11-2025'!$AJ39,"") -> 1563.8667 | AM39: 2500 | AO39: 160 | AR39: 0 | AS39: 0 | AT39: 0 | AU39: 0 | AV39: 4590.9059 | AW39: 0 | AX39: 0 | AY39: 0 | AZ39: 0 | BA39: 0 | BB39: 0 | BC39: 0 | BD39: 0 | BE39: 0 | BF39: 0 | BG39: 0 | BH39: 0 | BI39: 0 | BJ39: =BD39+BC39+BB39+BA39+AZ39+AY39+AX39+AW39+AV39+AU39+AT39+AS39+AR39+BE39+BF39+BG39+BH39+BI39 -> 4590.9059 | BK39: =BJ39+AM39+AL39+'11-2025'!$N39+AN39+AO39 -> 10465.406 | BL39: ='11-2025'!$O39 -> 4250 | BM39: =BL39*18.75% -> 796.875 | BN39: =BL39*11% -> 467.5 | BO39: =+R39 -> 1666.6667 | BP39: =IF(BK39-BN39-BO39<0,0,BK39-BN39-BO39) -> 8331.2392 | BQ39: =IFERROR(BP39/'11-2025'!$J39,0)*12 -> 99974.871 | BR39: =IF(BQ39<=40000,0, IF(BQ39<=55000,(BQ39-40000)*10%, IF(BQ39<=70000,(BQ39-55000)*15%+1500, IF(BQ39<=200000,(BQ39-70000)*20%+1500+2250, IF(BQ39<=400000,(BQ39-200000)*22.5%+1500+2250+26000, IF(BQ39<=600000,(BQ39-400000)*25%+1500+2250+26000+45000, IF(AND(BQ39>600000,BQ39<=1200000),(BQ39-400000)*25%+1500+2250+26000+45000 +IFERROR(LOOKUP(BQ39,{600001;700001;800001;900001},{4000;6750;10250;15250}),0),IF(BQ39>1200000,((BQ39-1200000)*27.5%)+300000,0) ))))))) -> 9744.9742 | BS39: =(BR39/12*'11-2025'!$J39) -> 812.08118 | BT39: =BS39-'11-2025'!$V39 -> 812.08118 | BU39: =IFERROR(+'11-2025'!$W39+AL39+AM39+BJ39-'11-2025'!$AJ39-BT39+AN39+AO39,"")-AL39+AP39+AQ39 -> 8002.6914 | BV39: مكافاة تشجيعية Cae Loans تعليمات ا/وليد | BX39: =+BU39-BW39 -> 8002.6914
A40: 336 | B40: زياد احمد سيد محمد | C40: 20أ القاهرة | D40: التحصيل | E40: بنك الإسكندرية | F40: وكيل تحصيل | G40: 45732 | H40: 45916 | I40: 30507250100398 | J40: 1 | K40: 3000 | N40: =SUM('11-2025'!$K40:$M40) -> 3000 | P40: =O40*18.75% -> 0 | Q40: =O40*11% -> 0 | R40: 1666.6667 | S40: =IF(N40-Q40-R40<0,0,N40-Q40-R40) -> 1333.3333 | T40: =IFERROR(S40/J40,0)*12 -> 16000 | U40: =IF(T40<=40000,0, IF(T40<=55000,(T40-40000)*10%, IF(T40<=70000,(T40-55000)*15%+1500, IF(T40<=200000,(T40-70000)*20%+1500+2250, IF(T40<=400000,(T40-200000)*22.5%+1500+2250+26000, IF(T40<=600000,(T40-400000)*25%+1500+2250+26000+45000, IF(AND(T40>600000,T40<=1200000),(T40-400000)*25%+1500+2250+26000+45000 +IFERROR(LOOKUP(T40,{600001;700001;800001;900001},{4000;6750;10250;15250}),0),IF(T40>1200000,((T40-1200000)*27.5%)+300000,0) ))))))) -> 0 | V40: =U40/12*J40 -> 0 | W40: =+'11-2025'!$S40-'11-2025'!$V40+'11-2025'!$R40 -> 3000 | X40: =IFERROR(W40/30,"") -> 100 | Z40: =IFERROR(+'11-2025'!$X40*'11-2025'!$Y40,"") -> 0 | AB40: =IFERROR(+'11-2025'!$X40*'11-2025'!$AA40,"") -> 0 | AC40: 30 | AD40: =IFERROR(+'11-2025'!$X40*'11-2025'!$AC40,"") -> 3000 | AF40: =IFERROR(+'11-2025'!$X40*'11-2025'!$AE40,"") -> 0 | AH40: =IFERROR(+'11-2025'!$X40*'11-2025'!$AG40,"") -> 0 | AI40: 0 | AJ40: =IFERROR('11-2025'!$Z40+'11-2025'!$AB40+'11-2025'!$AD40+'11-2025'!$AF40+'11-2025'!$AH40+'11-2025'!$AI40,"") -> 3000 | AK40: =IFERROR('11-2025'!$W40-'11-2025'!$AJ40,"") -> 0 | AR40: 0 | AS40: 0 | AT40: 0 | AU40: 0 | AV40: 0 | AW40: 0 | AX40: 0 | AY40: 0 | AZ40: 0 | BA40: 0 | BB40: 0 | BC40: 0 | BD40: 0 | BE40: 0 | BF40: 0 | BG40: 0 | BH40: 0 | BI40: 0 | BJ40: =BD40+BC40+BB40+BA40+AZ40+AY40+AX40+AW40+AV40+AU40+AT40+AS40+AR40+BE40+BF40+BG40+BH40+BI40 -> 0 | BK40: =BJ40+AM40+AL40+'11-2025'!$N40+AN40+AO40 -> 3000 | BL40: ='11-2025'!$O40 -> 0 | BM40: =BL40*18.75% -> 0 | BN40: =BL40*11% -> 0 | BO40: =+R40 -> 1666.6667 | BP40: =IF(BK40-BN40-BO40<0,0,BK40-BN40-BO40) -> 1333.3333 | BQ40: =IFERROR(BP40/'11-2025'!$J40,0)*12 -> 16000 | BR40: =IF(BQ40<=40000,0, IF(BQ40<=55000,(BQ40-40000)*10%, IF(BQ40<=70000,(BQ40-55000)*15%+1500, IF(BQ40<=200000,(BQ40-70000)*20%+1500+2250, IF(BQ40<=400000,(BQ40-200000)*22.5%+1500+2250+26000, IF(BQ40<=600000,(BQ40-400000)*25%+1500+2250+26000+45000, IF(AND(BQ40>600000,BQ40<=1200000),(BQ40-400000)*25%+1500+2250+26000+45000 +IFERROR(LOOKUP(BQ40,{600001;700001;800001;900001},{4000;6750;10250;15250}),0),IF(BQ40>1200000,((BQ40-1200000)*27.5%)+300000,0) ))))))) -> 0 | BS40: =(BR40/12*'11-2025'!$J40) -> 0 | BT40: =BS40-'11-2025'!$V40 -> 0 | BU40: =IFERROR(+'11-2025'!$W40+AL40+AM40+BJ40-'11-2025'!$AJ40-BT40+AN40+AO40,"")-AL40+AP40+AQ40 -> 0 | BX40: =+BU40-BW40 -> 0
A41: 340 | B41: اميرة شعراوى ابراهيم حامد على | C41: 20أ القاهرة | D41: التحصيل | E41: متعدد | F41: كبير مشرفى تحصيل | G41: 45497 | I41: 29203050102561 | J41: 1 | K41: 8515.62 | N41: =SUM('11-2025'!$K41:$M41) -> 8515.62 | P41: =O41*18.75% -> 0 | Q41: =O41*11% -> 0 | R41: 1666.6667 | S41: =IF(N41-Q41-R41<0,0,N41-Q41-R41) -> 6848.9533 | T41: =IFERROR(S41/J41,0)*12 -> 82187.44 | U41: =IF(T41<=40000,0, IF(T41<=55000,(T41-40000)*10%, IF(T41<=70000,(T41-55000)*15%+1500, IF(T41<=200000,(T41-70000)*20%+1500+2250, IF(T41<=400000,(T41-200000)*22.5%+1500+2250+26000, IF(T41<=600000,(T41-400000)*25%+1500+2250+26000+45000, IF(AND(T41>600000,T41<=1200000),(T41-400000)*25%+1500+2250+26000+45000 +IFERROR(LOOKUP(T41,{600001;700001;800001;900001},{4000;6750;10250;15250}),0),IF(T41>1200000,((T41-1200000)*27.5%)+300000,0) ))))))) -> 6187.488 | V41: =U41/12*J41 -> 515.624 | W41: =+'11-2025'!$S41-'11-2025'!$V41+'11-2025'!$R41 -> 7999.996 | X41: =IFERROR(W41/30,"") -> 266.66653 | Y41: 0 | Z41: =IFERROR(+'11-2025'!$X41*'11-2025'!$Y41,"") -> 0 | AA41: 0 | AB41: =IFERROR(+'11-2025'!$X41*'11-2025'!$AA41,"") -> 0 | AC41: 0 | AD41: =IFERROR(+'11-2025'!$X41*'11-2025'!$AC41,"") -> 0 | AE41: 0 | AF41: =IFERROR(+'11-2025'!$X41*'11-2025'!$AE41,"") -> 0 | AG41: 0 | AH41: =IFERROR(+'11-2025'!$X41*'11-2025'!$AG41,"") -> 0 | AI41: 2500 | AJ41: =IFERROR('11-2025'!$Z41+'11-2025'!$AB41+'11-2025'!$AD41+'11-2025'!$AF41+'11-2025'!$AH41+'11-2025'!$AI41,"") -> 2500 | AK41: =IFERROR('11-2025'!$W41-'11-2025'!$AJ41,"") -> 5499.996 | AO41: 0 | AR41: 0 | AS41: 0 | AT41: 3516.0785 | AU41: 2236.1299 | AV41: 0 | AW41: 0 | AX41: 0 | AY41: 0 | AZ41: 0 | BA41: 0 | BB41: 0 | BC41: 0 | BD41: 0 | BE41: 861.074 | BF41: 0 | BG41: 0 | BH41: 0 | BI41: 0 | BJ41: =BD41+BC41+BB41+BA41+AZ41+AY41+AX41+AW41+AV41+AU41+AT41+AS41+AR41+BE41+BF41+BG41+BH41+BI41 -> 6613.2824 | BK41: =BJ41+AM41+AL41+'11-2025'!$N41+AN41+AO41 -> 15128.902 | BL41: ='11-2025'!$O41 -> 0 | BM41: =BL41*18.75% -> 0 | BN41: =BL41*11% -> 0 | BO41: =+R41 -> 1666.6667 | BP41: =IF(BK41-BN41-BO41<0,0,BK41-BN41-BO41) -> 13462.236 | BQ41: =IFERROR(BP41/'11-2025'!$J41,0)*12 -> 161546.83 | BR41: =IF(BQ41<=40000,0, IF(BQ41<=55000,(BQ41-40000)*10%, IF(BQ41<=70000,(BQ41-55000)*15%+1500, IF(BQ41<=200000,(BQ41-70000)*20%+1500+2250, IF(BQ41<=400000,(BQ41-200000)*22.5%+1500+2250+26000, IF(BQ41<=600000,(BQ41-400000)*25%+1500+2250+26000+45000, IF(AND(BQ41>600000,BQ41<=1200000),(BQ41-400000)*25%+1500+2250+26000+45000 +IFERROR(LOOKUP(BQ41,{600001;700001;800001;900001},{4000;6750;10250;15250}),0),IF(BQ41>1200000,((BQ41-1200000)*27.5%)+300000,0) ))))))) -> 22059.366 | BS41: =(BR41/12*'11-2025'!$J41) -> 1838.2805 | BT41: =BS41-'11-2025'!$V41 -> 1322.6565 | BU41: =IFERROR(+'11-2025'!$W41+AL41+AM41+BJ41-'11-2025'!$AJ41-BT41+AN41+AO41,"")-AL41+AP41+AQ41 -> 10790.622 | BX41: =+BU41-BW41 -> 10790.622
A42: 341 | B42: نرمين شعراوى إبراهيم حامد على | C42: 20أ القاهرة | D42: التحصيل | E42: بنك الإسكندرية | F42: رئيس فريق عمل | G42: 45482 | H42: 45894 | I42: 30203190102583 | J42: 1 | K42: 4250.46 | N42: =SUM('11-2025'!$K42:$M42) -> 4250.46 | O42: 4576.9231 | P42: =O42*18.75% -> 858.17308 | Q42: =O42*11% -> 503.46154 | R42: 1666.6667 | S42: =IF(N42-Q42-R42<0,0,N42-Q42-R42) -> 2080.3318 | T42: =IFERROR(S42/J42,0)*12 -> 24963.982 | U42: =IF(T42<=40000,0, IF(T42<=55000,(T42-40000)*10%, IF(T42<=70000,(T42-55000)*15%+1500, IF(T42<=200000,(T42-70000)*20%+1500+2250, IF(T42<=400000,(T42-200000)*22.5%+1500+2250+26000, IF(T42<=600000,(T42-400000)*25%+1500+2250+26000+45000, IF(AND(T42>600000,T42<=1200000),(T42-400000)*25%+1500+2250+26000+45000 +IFERROR(LOOKUP(T42,{600001;700001;800001;900001},{4000;6750;10250;15250}),0),IF(T42>1200000,((T42-1200000)*27.5%)+300000,0) ))))))) -> 0 | V42: =U42/12*J42 -> 0 | W42: =+'11-2025'!$S42-'11-2025'!$V42+'11-2025'!$R42 -> 3746.9985 | X42: =IFERROR(W42/30,"") -> 124.89995 | Z42: =IFERROR(+'11-2025'!$X42*'11-2025'!$Y42,"") -> 0 | AB42: =IFERROR(+'11-2025'!$X42*'11-2025'!$AA42,"") -> 0 | AC42: 30 | AD42: =IFERROR(+'11-2025'!$X42*'11-2025'!$AC42,"") -> 3746.9985 | AF42: =IFERROR(+'11-2025'!$X42*'11-2025'!$AE42,"") -> 0 | AH42: =IFERROR(+'11-2025'!$X42*'11-2025'!$AG42,"") -> 0 | AI42: 0 | AJ42: =IFERROR('11-2025'!$Z42+'11-2025'!$AB42+'11-2025'!$AD42+'11-2025'!$AF42+'11-2025'!$AH42+'11-2025'!$AI42,"") -> 3746.9985 | AK42: =IFERROR('11-2025'!$W42-'11-2025'!$AJ42,"") -> 0 | AR42: 0 | AS42: 0 | AT42: 0 | AU42: 0 | AV42: 0 | AW42: 0 | AX42: 0 | AY42: 0 | AZ42: 0 | BA42: 0 | BB42: 0 | BC42: 0 | BD42: 0 | BE42: 0 | BF42: 0 | BG42: 0 | BH42: 0 | BI42: 0 | BJ42: =BD42+BC42+BB42+BA42+AZ42+AY42+AX42+AW42+AV42+AU42+AT42+AS42+AR42+BE42+BF42+BG42+BH42+BI42 -> 0 | BK42: =BJ42+AM42+AL42+'11-2025'!$N42+AN42+AO42 -> 4250.46 | BL42: ='11-2025'!$O42 -> 4576.9231 | BM42: =BL42*18.75% -> 858.17308 | BN42: =BL42*11% -> 503.46154 | BO42: =+R42 -> 1666.6667 | BP42: =IF(BK42-BN42-BO42<0,0,BK42-BN42-BO42) -> 2080.3318 | BQ42: =IFERROR(BP42/'11-2025'!$J42,0)*12 -> 24963.982 | BR42: =IF(BQ42<=40000,0, IF(BQ42<=55000,(BQ42-40000)*10%, IF(BQ42<=70000,(BQ42-55000)*15%+1500, IF(BQ42<=200000,(BQ42-70000)*20%+1500+2250, IF(BQ42<=400000,(BQ42-200000)*22.5%+1500+2250+26000, IF(BQ42<=600000,(BQ42-400000)*25%+1500+2250+26000+45000, IF(AND(BQ42>600000,BQ42<=1200000),(BQ42-400000)*25%+1500+2250+26000+45000 +IFERROR(LOOKUP(BQ42,{600001;700001;800001;900001},{4000;6750;10250;15250}),0),IF(BQ42>1200000,((BQ42-1200000)*27.5%)+300000,0) ))))))) -> 0 | BS42: =(BR42/12*'11-2025'!$J42) -> 0 | BT42: =BS42-'11-2025'!$V42 -> 0 | BU42: =IFERROR(+'11-2025'!$W42+AL42+AM42+BJ42-'11-2025'!$AJ42-BT42+AN42+AO42,"")-AL42+AP42+AQ42 -> 0 | BX42: =+BU42-BW42 -> 0
A43: 355 | B43: كرستينا مجدى محروس فؤاد | C43: 20أ القاهرة | D43: التحصيل | E43: متعدد | F43: محامى | G43: 45699 | I43: 29903160102844 | J43: 1 | K43: 3000 | N43: =SUM('11-2025'!$K43:$M43) -> 3000 | O43: 2700 | P43: =O43*18.75% -> 506.25 | Q43: =O43*11% -> 297 | R43: 1666.6667 | S43: =IF(N43-Q43-R43<0,0,N43-Q43-R43) -> 1036.3333 | T43: =IFERROR(S43/J43,0)*12 -> 12436 | U43: =IF(T43<=40000,0, IF(T43<=55000,(T43-40000)*10%, IF(T43<=70000,(T43-55000)*15%+1500, IF(T43<=200000,(T43-70000)*20%+1500+2250, IF(T43<=400000,(T43-200000)*22.5%+1500+2250+26000, IF(T43<=600000,(T43-400000)*25%+1500+2250+26000+45000, IF(AND(T43>600000,T43<=1200000),(T43-400000)*25%+1500+2250+26000+45000 +IFERROR(LOOKUP(T43,{600001;700001;800001;900001},{4000;6750;10250;15250}),0),IF(T43>1200000,((T43-1200000)*27.5%)+300000,0) ))))))) -> 0 | V43: =U43/12*J43 -> 0 | W43: =+'11-2025'!$S43-'11-2025'!$V43+'11-2025'!$R43 -> 2703 | X43: =IFERROR(W43/30,"") -> 90.1 | Y43: 0 | Z43: =IFERROR(+'11-2025'!$X43*'11-2025'!$Y43,"") -> 0 | AA43: 0 | AB43: =IFERROR(+'11-2025'!$X43*'11-2025'!$AA43,"") -> 0 | AC43: 0 | AD43: =IFERROR(+'11-2025'!$X43*'11-2025'!$AC43,"") -> 0 | AE43: 0 | AF43: =IFERROR(+'11-2025'!$X43*'11-2025'!$AE43,"") -> 0 | AG43: 6.5 | AH43: =IFERROR(+'11-2025'!$X43*'11-2025'!$AG43,"") -> 585.65 | AI43: 0 | AJ43: =IFERROR('11-2025'!$Z43+'11-2025'!$AB43+'11-2025'!$AD43+'11-2025'!$AF43+'11-2025'!$AH43+'11-2025'!$AI43,"") -> 585.65 | AK43: =IFERROR('11-2025'!$W43-'11-2025'!$AJ43,"") -> 2117.35 | AO43: 0 | AR43: 0 | AS43: 0 | AT43: 0 | AU43: 715.70858 | AV43: 0 | AW43: 0 | AX43: 0 | AY43: 0 | AZ43: 0 | BA43: 0 | BB43: 0 | BC43: 0 | BD43: 0 | BE43: 0 | BF43: 0 | BG43: 0 | BH43: 0 | BI43: 0 | BJ43: =BD43+BC43+BB43+BA43+AZ43+AY43+AX43+AW43+AV43+AU43+AT43+AS43+AR43+BE43+BF43+BG43+BH43+BI43 -> 715.70858 | BK43: =BJ43+AM43+AL43+'11-2025'!$N43+AN43+AO43 -> 3715.7086 | BL43: ='11-2025'!$O43 -> 2700 | BM43: =BL43*18.75% -> 506.25 | BN43: =BL43*11% -> 297 | BO43: =+R43 -> 1666.6667 | BP43: =IF(BK43-BN43-BO43<0,0,BK43-BN43-BO43) -> 1752.0419 | BQ43: =IFERROR(BP43/'11-2025'!$J43,0)*12 -> 21024.503 | BR43: =IF(BQ43<=40000,0, IF(BQ43<=55000,(BQ43-40000)*10%, IF(BQ43<=70000,(BQ43-55000)*15%+1500, IF(BQ43<=200000,(BQ43-70000)*20%+1500+2250, IF(BQ43<=400000,(BQ43-200000)*22.5%+1500+2250+26000, IF(BQ43<=600000,(BQ43-400000)*25%+1500+2250+26000+45000, IF(AND(BQ43>600000,BQ43<=1200000),(BQ43-400000)*25%+1500+2250+26000+45000 +IFERROR(LOOKUP(BQ43,{600001;700001;800001;900001},{4000;6750;10250;15250}),0),IF(BQ43>1200000,((BQ43-1200000)*27.5%)+300000,0) ))))))) -> 0 | BS43: =(BR43/12*'11-2025'!$J43) -> 0 | BT43: =BS43-'11-2025'!$V43 -> 0 | BU43: =IFERROR(+'11-2025'!$W43+AL43+AM43+BJ43-'11-2025'!$AJ43-BT43+AN43+AO43,"")-AL43+AP43+AQ43 -> 2833.0586 | BX43: =+BU43-BW43 -> 2833.0586 | BY43: فيزا
A44: 378 | B44: عبد الحميد نبوى فهيم محمد | C44: 25ج القاهرة | D44: التحصيل | E44: بنك كريدى اجريكول | F44: رئيس فريق عمل | G44: 45508 | I44: 28102150100511 | J44: 1 | K44: 4822.38 | N44: =SUM('11-2025'!$K44:$M44) -> 4822.38 | O44: 5230.7692 | P44: =O44*18.75% -> 980.76923 | Q44: =O44*11% -> 575.38462 | R44: 1666.6667 | S44: =IF(N44-Q44-R44<0,0,N44-Q44-R44) -> 2580.3287 | T44: =IFERROR(S44/J44,0)*12 -> 30963.945 | U44: =IF(T44<=40000,0, IF(T44<=55000,(T44-40000)*10%, IF(T44<=70000,(T44-55000)*15%+1500, IF(T44<=200000,(T44-70000)*20%+1500+2250, IF(T44<=400000,(T44-200000)*22.5%+1500+2250+26000, IF(T44<=600000,(T44-400000)*25%+1500+2250+26000+45000, IF(AND(T44>600000,T44<=1200000),(T44-400000)*25%+1500+2250+26000+45000 +IFERROR(LOOKUP(T44,{600001;700001;800001;900001},{4000;6750;10250;15250}),0),IF(T44>1200000,((T44-1200000)*27.5%)+300000,0) ))))))) -> 0 | V44: =U44/12*J44 -> 0 | W44: =+'11-2025'!$S44-'11-2025'!$V44+'11-2025'!$R44 -> 4246.9954 | X44: =IFERROR(W44/30,"") -> 141.56651 | Z44: =IFERROR(+'11-2025'!$X44*'11-2025'!$Y44,"") -> 0 | AB44: =IFERROR(+'11-2025'!$X44*'11-2025'!$AA44,"") -> 0 | AC44: 30 | AD44: =IFERROR(+'11-2025'!$X44*'11-2025'!$AC44,"") -> 4246.9954 | AF44: =IFERROR(+'11-2025'!$X44*'11-2025'!$AE44,"") -> 0 | AH44: =IFERROR(+'11-2025'!$X44*'11-2025'!$AG44,"") -> 0 | AI44: 0 | AJ44: =IFERROR('11-2025'!$Z44+'11-2025'!$AB44+'11-2025'!$AD44+'11-2025'!$AF44+'11-2025'!$AH44+'11-2025'!$AI44,"") -> 4246.9954 | AK44: =IFERROR('11-2025'!$W44-'11-2025'!$AJ44,"") -> 0 | AR44: 0 | AS44: 0 | AT44: 0 | AU44: 0 | AV44: 1273.4575 | AW44: 0 | AX44: 0 | AY44: 0 | AZ44: 0 | BA44: 0 | BB44: 0 | BC44: 0 | BD44: 0 | BE44: 0 | BF44: 0 | BG44: 0 | BH44: 0 | BI44: 0 | BJ44: =BD44+BC44+BB44+BA44+AZ44+AY44+AX44+AW44+AV44+AU44+AT44+AS44+AR44+BE44+BF44+BG44+BH44+BI44 -> 1273.4575 | BK44: =BJ44+AM44+AL44+'11-2025'!$N44+AN44+AO44 -> 6095.8375 | BL44: ='11-2025'!$O44 -> 5230.7692 | BM44: =BL44*18.75% -> 980.76923 | BN44: =BL44*11% -> 575.38462 | BO44: =+R44 -> 1666.6667 | BP44: =IF(BK44-BN44-BO44<0,0,BK44-BN44-BO44) -> 3853.7862 | BQ44: =IFERROR(BP44/'11-2025'!$J44,0)*12 -> 46245.435 | BR44: =IF(BQ44<=40000,0, IF(BQ44<=55000,(BQ44-40000)*10%, IF(BQ44<=70000,(BQ44-55000)*15%+1500, IF(BQ44<=200000,(BQ44-70000)*20%+1500+2250, IF(BQ44<=400000,(BQ44-200000)*22.5%+1500+2250+26000, IF(BQ44<=600000,(BQ44-400000)*25%+1500+2250+26000+45000, IF(AND(BQ44>600000,BQ44<=1200000),(BQ44-400000)*25%+1500+2250+26000+45000 +IFERROR(LOOKUP(BQ44,{600001;700001;800001;900001},{4000;6750;10250;15250}),0),IF(BQ44>1200000,((BQ44-1200000)*27.5%)+300000,0) ))))))) -> 624.54346 | BS44: =(BR44/12*'11-2025'!$J44) -> 52.045288 | BT44: =BS44-'11-2025'!$V44 -> 52.045288 | BU44: =IFERROR(+'11-2025'!$W44+AL44+AM44+BJ44-'11-2025'!$AJ44-BT44+AN44+AO44,"")-AL44+AP44+AQ44 -> 1221.4122 | BX44: =+BU44-BW44 -> 1221.4122
A45: 389 | B45: ادهم رؤوف كمال كامل سعيد | C45: 25ج القاهرة | D45: التحصيل | E45: بنك كريدى اجريكول | F45: وكيل تحصيل هاتفى | G45: 45713 | I45: 30407270101515 | J45: 1 | K45: 3000 | N45: =SUM('11-2025'!$K45:$M45) -> 3000 | O45: 2500 | P45: =O45*18.75% -> 468.75 | Q45: =O45*11% -> 275 | R45: 1666.6667 | S45: =IF(N45-Q45-R45<0,0,N45-Q45-R45) -> 1058.3333 | T45: =IFERROR(S45/J45,0)*12 -> 12700 | U45: =IF(T45<=40000,0, IF(T45<=55000,(T45-40000)*10%, IF(T45<=70000,(T45-55000)*15%+1500, IF(T45<=200000,(T45-70000)*20%+1500+2250, IF(T45<=400000,(T45-200000)*22.5%+1500+2250+26000, IF(T45<=600000,(T45-400000)*25%+1500+2250+26000+45000, IF(AND(T45>600000,T45<=1200000),(T45-400000)*25%+1500+2250+26000+45000 +IFERROR(LOOKUP(T45,{600001;700001;800001;900001},{4000;6750;10250;15250}),0),IF(T45>1200000,((T45-1200000)*27.5%)+300000,0) ))))))) -> 0 | V45: =U45/12*J45 -> 0 | W45: =+'11-2025'!$S45-'11-2025'!$V45+'11-2025'!$R45 -> 2725 | X45: =IFERROR(W45/30,"") -> 90.833333 | Y45: 0 | Z45: =IFERROR(+'11-2025'!$X45*'11-2025'!$Y45,"") -> 0 | AA45: 2 | AB45: =IFERROR(+'11-2025'!$X45*'11-2025'!$AA45,"") -> 181.66667 | AC45: 0 | AD45: =IFERROR(+'11-2025'!$X45*'11-2025'!$AC45,"") -> 0 | AE45: 0 | AF45: =IFERROR(+'11-2025'!$X45*'11-2025'!$AE45,"") -> 0 | AG45: 0 | AH45: =IFERROR(+'11-2025'!$X45*'11-2025'!$AG45,"") -> 0 | AI45: 0 | AJ45: =IFERROR('11-2025'!$Z45+'11-2025'!$AB45+'11-2025'!$AD45+'11-2025'!$AF45+'11-2025'!$AH45+'11-2025'!$AI45,"") -> 181.66667 | AK45: =IFERROR('11-2025'!$W45-'11-2025'!$AJ45,"") -> 2543.3333 | AO45: 140 | AR45: 0 | AS45: 0 | AT45: 0 | AU45: 0 | AV45: 2675.478 | AW45: 0 | AX45: 0 | AY45: 0 | AZ45: 0 | BA45: 0 | BB45: 0 | BC45: 0 | BD45: 2269.74 | BE45: 0 | BF45: 0 | BG45: 0 | BH45: 0 | BI45: 0 | BJ45: =BD45+BC45+BB45+BA45+AZ45+AY45+AX45+AW45+AV45+AU45+AT45+AS45+AR45+BE45+BF45+BG45+BH45+BI45 -> 4945.218 | BK45: =BJ45+AM45+AL45+'11-2025'!$N45+AN45+AO45 -> 8085.218 | BL45: ='11-2025'!$O45 -> 2500 | BM45: =BL45*18.75% -> 468.75 | BN45: =BL45*11% -> 275 | BO45: =+R45 -> 1666.6667 | BP45: =IF(BK45-BN45-BO45<0,0,BK45-BN45-BO45) -> 6143.5513 | BQ45: =IFERROR(BP45/'11-2025'!$J45,0)*12 -> 73722.616 | BR45: =IF(BQ45<=40000,0, IF(BQ45<=55000,(BQ45-40000)*10%, IF(BQ45<=70000,(BQ45-55000)*15%+1500, IF(BQ45<=200000,(BQ45-70000)*20%+1500+2250, IF(BQ45<=400000,(BQ45-200000)*22.5%+1500+2250+26000, IF(BQ45<=600000,(BQ45-400000)*25%+1500+2250+26000+45000, IF(AND(BQ45>600000,BQ45<=1200000),(BQ45-400000)*25%+1500+2250+26000+45000 +IFERROR(LOOKUP(BQ45,{600001;700001;800001;900001},{4000;6750;10250;15250}),0),IF(BQ45>1200000,((BQ45-1200000)*27.5%)+300000,0) ))))))) -> 4494.5232 | BS45: =(BR45/12*'11-2025'!$J45) -> 374.5436 | BT45: =BS45-'11-2025'!$V45 -> 374.5436 | BU45: =IFERROR(+'11-2025'!$W45+AL45+AM45+BJ45-'11-2025'!$AJ45-BT45+AN45+AO45,"")-AL45+AP45+AQ45 -> 7254.0077 | BX45: =+BU45-BW45 -> 7254.0077
A46: 395 | B46: مصطفى احمد عبد الهادى محمود | C46: 20أ القاهرة | D46: التحصيل | E46: بنك الإسكندرية | F46: منسق بيانات | G46: 45718 | I46: 29705010106934 | J46: 1 | K46: 3100 | N46: =SUM('11-2025'!$K46:$M46) -> 3100 | O46: 3100 | P46: =O46*18.75% -> 581.25 | Q46: =O46*11% -> 341 | R46: 1666.6667 | S46: =IF(N46-Q46-R46<0,0,N46-Q46-R46) -> 1092.3333 | T46: =IFERROR(S46/J46,0)*12 -> 13108 | U46: =IF(T46<=40000,0, IF(T46<=55000,(T46-40000)*10%, IF(T46<=70000,(T46-55000)*15%+1500, IF(T46<=200000,(T46-70000)*20%+1500+2250, IF(T46<=400000,(T46-200000)*22.5%+1500+2250+26000, IF(T46<=600000,(T46-400000)*25%+1500+2250+26000+45000, IF(AND(T46>600000,T46<=1200000),(T46-400000)*25%+1500+2250+26000+45000 +IFERROR(LOOKUP(T46,{600001;700001;800001;900001},{4000;6750;10250;15250}),0),IF(T46>1200000,((T46-1200000)*27.5%)+300000,0) ))))))) -> 0 | V46: =U46/12*J46 -> 0 | W46: =+'11-2025'!$S46-'11-2025'!$V46+'11-2025'!$R46 -> 2759 | X46: =IFERROR(W46/30,"") -> 91.966667 | Y46: 0 | Z46: =IFERROR(+'11-2025'!$X46*'11-2025'!$Y46,"") -> 0 | AA46: 0 | AB46: =IFERROR(+'11-2025'!$X46*'11-2025'!$AA46,"") -> 0 | AC46: 0 | AD46: =IFERROR(+'11-2025'!$X46*'11-2025'!$AC46,"") -> 0 | AE46: 0 | AF46: =IFERROR(+'11-2025'!$X46*'11-2025'!$AE46,"") -> 0 | AG46: 0 | AH46: =IFERROR(+'11-2025'!$X46*'11-2025'!$AG46,"") -> 0 | AI46: 0 | AJ46: =IFERROR('11-2025'!$Z46+'11-2025'!$AB46+'11-2025'!$AD46+'11-2025'!$AF46+'11-2025'!$AH46+'11-2025'!$AI46,"") -> 0 | AK46: =IFERROR('11-2025'!$W46-'11-2025'!$AJ46,"") -> 2759 | AO46: 0 | AR46: 0 | AS46: 0 | AT46: 0 | AU46: 3371.3399 | AV46: 0 | AW46: 0 | AX46: 0 | AY46: 0 | AZ46: 0 | BA46: 0 | BB46: 0 | BC46: 0 | BD46: 0 | BE46: 0 | BF46: 0 | BG46: 0 | BH46: 0 | BI46: 0 | BJ46: =BD46+BC46+BB46+BA46+AZ46+AY46+AX46+AW46+AV46+AU46+AT46+AS46+AR46+BE46+BF46+BG46+BH46+BI46 -> 3371.3399 | BK46: =BJ46+AM46+AL46+'11-2025'!$N46+AN46+AO46 -> 6471.3399 | BL46: ='11-2025'!$O46 -> 3100 | BM46: =BL46*18.75% -> 581.25 | BN46: =BL46*11% -> 341 | BO46: =+R46 -> 1666.6667 | BP46: =IF(BK46-BN46-BO46<0,0,BK46-BN46-BO46) -> 4463.6732 | BQ46: =IFERROR(BP46/'11-2025'!$J46,0)*12 -> 53564.079 | BR46: =IF(BQ46<=40000,0, IF(BQ46<=55000,(BQ46-40000)*10%, IF(BQ46<=70000,(BQ46-55000)*15%+1500, IF(BQ46<=200000,(BQ46-70000)*20%+1500+2250, IF(BQ46<=400000,(BQ46-200000)*22.5%+1500+2250+26000, IF(BQ46<=600000,(BQ46-400000)*25%+1500+2250+26000+45000, IF(AND(BQ46>600000,BQ46<=1200000),(BQ46-400000)*25%+1500+2250+26000+45000 +IFERROR(LOOKUP(BQ46,{600001;700001;800001;900001},{4000;6750;10250;15250}),0),IF(BQ46>1200000,((BQ46-1200000)*27.5%)+300000,0) ))))))) -> 1356.4079 | BS46: =(BR46/12*'11-2025'!$J46) -> 113.03399 | BT46: =BS46-'11-2025'!$V46 -> 113.03399 | BU46: =IFERROR(+'11-2025'!$W46+AL46+AM46+BJ46-'11-2025'!$AJ46-BT46+AN46+AO46,"")-AL46+AP46+AQ46 -> 6017.3059 | BX46: =+BU46-BW46 -> 6017.3059 | BY46: فيزا
A47: 421 | B47: محمد احمد ناجز سعيد | C47: 20أ القاهرة | D47: التحصيل | E47: بنك الإسكندرية | F47: منسق بيانات | G47: 45721 | I47: 30609022100334 | J47: 1 | K47: 3428.88 | N47: =SUM('11-2025'!$K47:$M47) -> 3428.88 | O47: 4380.7692 | P47: =O47*18.75% -> 821.39423 | Q47: =O47*11% -> 481.88462 | R47: 1666.6667 | S47: =IF(N47-Q47-R47<0,0,N47-Q47-R47) -> 1280.3287 | T47: =IFERROR(S47/J47,0)*12 -> 15363.945 | U47: =IF(T47<=40000,0, IF(T47<=55000,(T47-40000)*10%, IF(T47<=70000,(T47-55000)*15%+1500, IF(T47<=200000,(T47-70000)*20%+1500+2250, IF(T47<=400000,(T47-200000)*22.5%+1500+2250+26000, IF(T47<=600000,(T47-400000)*25%+1500+2250+26000+45000, IF(AND(T47>600000,T47<=1200000),(T47-400000)*25%+1500+2250+26000+45000 +IFERROR(LOOKUP(T47,{600001;700001;800001;900001},{4000;6750;10250;15250}),0),IF(T47>1200000,((T47-1200000)*27.5%)+300000,0) ))))))) -> 0 | V47: =U47/12*J47 -> 0 | W47: =+'11-2025'!$S47-'11-2025'!$V47+'11-2025'!$R47 -> 2946.9954 | X47: =IFERROR(W47/30,"") -> 98.233179 | Y47: 0 | Z47: =IFERROR(+'11-2025'!$X47*'11-2025'!$Y47,"") -> 0 | AA47: 0 | AB47: =IFERROR(+'11-2025'!$X47*'11-2025'!$AA47,"") -> 0 | AC47: 0 | AD47: =IFERROR(+'11-2025'!$X47*'11-2025'!$AC47,"") -> 0 | AE47: 0 | AF47: =IFERROR(+'11-2025'!$X47*'11-2025'!$AE47,"") -> 0 | AG47: 0 | AH47: =IFERROR(+'11-2025'!$X47*'11-2025'!$AG47,"") -> 0 | AI47: 0 | AJ47: =IFERROR('11-2025'!$Z47+'11-2025'!$AB47+'11-2025'!$AD47+'11-2025'!$AF47+'11-2025'!$AH47+'11-2025'!$AI47,"") -> 0 | AK47: =IFERROR('11-2025'!$W47-'11-2025'!$AJ47,"") -> 2946.9954 | AO47: 0 | AR47: 0 | AS47: 0 | AT47: 0 | AU47: 3369.5875 | AV47: 0 | AW47: 0 | AX47: 0 | AY47: 0 | AZ47: 0 | BA47: 0 | BB47: 0 | BC47: 0 | BD47: 0 | BE47: 0 | BF47: 0 | BG47: 0 | BH47: 0 | BI47: 0 | BJ47: =BD47+BC47+BB47+BA47+AZ47+AY47+AX47+AW47+AV47+AU47+AT47+AS47+AR47+BE47+BF47+BG47+BH47+BI47 -> 3369.5875 | BK47: =BJ47+AM47+AL47+'11-2025'!$N47+AN47+AO47 -> 6798.4675 | BL47: ='11-2025'!$O47 -> 4380.7692 | BM47: =BL47*18.75% -> 821.39423 | BN47: =BL47*11% -> 481.88462 | BO47: =+R47 -> 1666.6667 | BP47: =IF(BK47-BN47-BO47<0,0,BK47-BN47-BO47) -> 4649.9162 | BQ47: =IFERROR(BP47/'11-2025'!$J47,0)*12 -> 55798.995 | BR47: =IF(BQ47<=40000,0, IF(BQ47<=55000,(BQ47-40000)*10%, IF(BQ47<=70000,(BQ47-55000)*15%+1500, IF(BQ47<=200000,(BQ47-70000)*20%+1500+2250, IF(BQ47<=400000,(BQ47-200000)*22.5%+1500+2250+26000, IF(BQ47<=600000,(BQ47-400000)*25%+1500+2250+26000+45000, IF(AND(BQ47>600000,BQ47<=1200000),(BQ47-400000)*25%+1500+2250+26000+45000 +IFERROR(LOOKUP(BQ47,{600001;700001;800001;900001},{4000;6750;10250;15250}),0),IF(BQ47>1200000,((BQ47-1200000)*27.5%)+300000,0) ))))))) -> 1619.8492 | BS47: =(BR47/12*'11-2025'!$J47) -> 134.98743 | BT47: =BS47-'11-2025'!$V47 -> 134.98743 | BU47: =IFERROR(+'11-2025'!$W47+AL47+AM47+BJ47-'11-2025'!$AJ47-BT47+AN47+AO47,"")-AL47+AP47+AQ47 -> 6181.5955 | BX47: =+BU47-BW47 -> 6181.5955
A48: 426 | B48: هدير رمضان مصطفي عبد العال | C48: المنصورة | D48: التحصيل | E48: شركة إرادة | F48: رئيس فريق عمل | G48: 45539 | I48: 29908201201021 | J48: 1 | K48: 2700 | N48: =SUM('11-2025'!$K48:$M48) -> 2700 | O48: 2700 | P48: =O48*18.75% -> 506.25 | Q48: =O48*11% -> 297 | R48: 1666.6667 | S48: =IF(N48-Q48-R48<0,0,N48-Q48-R48) -> 736.33333 | T48: =IFERROR(S48/J48,0)*12 -> 8836 | U48: =IF(T48<=40000,0, IF(T48<=55000,(T48-40000)*10%, IF(T48<=70000,(T48-55000)*15%+1500, IF(T48<=200000,(T48-70000)*20%+1500+2250, IF(T48<=400000,(T48-200000)*22.5%+1500+2250+26000, IF(T48<=600000,(T48-400000)*25%+1500+2250+26000+45000, IF(AND(T48>600000,T48<=1200000),(T48-400000)*25%+1500+2250+26000+45000 +IFERROR(LOOKUP(T48,{600001;700001;800001;900001},{4000;6750;10250;15250}),0),IF(T48>1200000,((T48-1200000)*27.5%)+300000,0) ))))))) -> 0 | V48: =U48/12*J48 -> 0 | W48: =+'11-2025'!$S48-'11-2025'!$V48+'11-2025'!$R48 -> 2403 | X48: =IFERROR(W48/30,"") -> 80.1 | Y48: 0 | Z48: =IFERROR(+'11-2025'!$X48*'11-2025'!$Y48,"") -> 0 | AA48: 0 | AB48: =IFERROR(+'11-2025'!$X48*'11-2025'!$AA48,"") -> 0 | AC48: 0 | AD48: =IFERROR(+'11-2025'!$X48*'11-2025'!$AC48,"") -> 0 | AE48: 0 | AF48: =IFERROR(+'11-2025'!$X48*'11-2025'!$AE48,"") -> 0 | AG48: 0 | AH48: =IFERROR(+'11-2025'!$X48*'11-2025'!$AG48,"") -> 0 | AI48: 0 | AJ48: =IFERROR('11-2025'!$Z48+'11-2025'!$AB48+'11-2025'!$AD48+'11-2025'!$AF48+'11-2025'!$AH48+'11-2025'!$AI48,"") -> 0 | AK48: =IFERROR('11-2025'!$W48-'11-2025'!$AJ48,"") -> 2403 | AO48: 0 | AR48: 0 | AS48: 0 | AT48: 0 | AU48: 0 | AV48: 0 | AW48: 0 | AX48: 0 | AY48: 0 | AZ48: 0 | BA48: 0 | BB48: 0 | BC48: 0 | BD48: 0 | BE48: 0 | BF48: 0 | BG48: 0 | BH48: 2312.8999 | BI48: 0 | BJ48: =BD48+BC48+BB48+BA48+AZ48+AY48+AX48+AW48+AV48+AU48+AT48+AS48+AR48+BE48+BF48+BG48+BH48+BI48 -> 2312.8999 | BK48: =BJ48+AM48+AL48+'11-2025'!$N48+AN48+AO48 -> 5012.8999 | BL48: ='11-2025'!$O48 -> 2700 | BM48: =BL48*18.75% -> 506.25 | BN48: =BL48*11% -> 297 | BO48: =+R48 -> 1666.6667 | BP48: =IF(BK48-BN48-BO48<0,0,BK48-BN48-BO48) -> 3049.2332 | BQ48: =IFERROR(BP48/'11-2025'!$J48,0)*12 -> 36590.799 | BR48: =IF(BQ48<=40000,0, IF(BQ48<=55000,(BQ48-40000)*10%, IF(BQ48<=70000,(BQ48-55000)*15%+1500, IF(BQ48<=200000,(BQ48-70000)*20%+1500+2250, IF(BQ48<=400000,(BQ48-200000)*22.5%+1500+2250+26000, IF(BQ48<=600000,(BQ48-400000)*25%+1500+2250+26000+45000, IF(AND(BQ48>600000,BQ48<=1200000),(BQ48-400000)*25%+1500+2250+26000+45000 +IFERROR(LOOKUP(BQ48,{600001;700001;800001;900001},{4000;6750;10250;15250}),0),IF(BQ48>1200000,((BQ48-1200000)*27.5%)+300000,0) ))))))) -> 0 | BS48: =(BR48/12*'11-2025'!$J48) -> 0 | BT48: =BS48-'11-2025'!$V48 -> 0 | BU48: =IFERROR(+'11-2025'!$W48+AL48+AM48+BJ48-'11-2025'!$AJ48-BT48+AN48+AO48,"")-AL48+AP48+AQ48 -> 4715.8999 | BX48: =+BU48-BW48 -> 4715.8999 | BY48: فيزا
A49: 445 | B49: أسماء عباس عثمان عباس | C49: 25ج القاهرة | D49: الادارى | E49: الخدمات المعاونة | F49: خدمات معاونة | G49: 45557 | H49: 45896 | I49: 29012100105168 | J49: 1 | K49: 4000 | N49: =SUM('11-2025'!$K49:$M49) -> 4000 | P49: =O49*18.75% -> 0 | Q49: =O49*11% -> 0 | R49: 1666.6667 | S49: =IF(N49-Q49-R49<0,0,N49-Q49-R49) -> 2333.3333 | T49: =IFERROR(S49/J49,0)*12 -> 28000 | U49: =IF(T49<=40000,0, IF(T49<=55000,(T49-40000)*10%, IF(T49<=70000,(T49-55000)*15%+1500, IF(T49<=200000,(T49-70000)*20%+1500+2250, IF(T49<=400000,(T49-200000)*22.5%+1500+2250+26000, IF(T49<=600000,(T49-400000)*25%+1500+2250+26000+45000, IF(AND(T49>600000,T49<=1200000),(T49-400000)*25%+1500+2250+26000+45000 +IFERROR(LOOKUP(T49,{600001;700001;800001;900001},{4000;6750;10250;15250}),0),IF(T49>1200000,((T49-1200000)*27.5%)+300000,0) ))))))) -> 0 | V49: =U49/12*J49 -> 0 | W49: =+'11-2025'!$S49-'11-2025'!$V49+'11-2025'!$R49 -> 4000 | X49: =IFERROR(W49/30,"") -> 133.33333 | Z49: =IFERROR(+'11-2025'!$X49*'11-2025'!$Y49,"") -> 0 | AB49: =IFERROR(+'11-2025'!$X49*'11-2025'!$AA49,"") -> 0 | AC49: 30 | AD49: =IFERROR(+'11-2025'!$X49*'11-2025'!$AC49,"") -> 4000 | AF49: =IFERROR(+'11-2025'!$X49*'11-2025'!$AE49,"") -> 0 | AH49: =IFERROR(+'11-2025'!$X49*'11-2025'!$AG49,"") -> 0 | AI49: 0 | AJ49: =IFERROR('11-2025'!$Z49+'11-2025'!$AB49+'11-2025'!$AD49+'11-2025'!$AF49+'11-2025'!$AH49+'11-2025'!$AI49,"") -> 4000 | AK49: =IFERROR('11-2025'!$W49-'11-2025'!$AJ49,"") -> -4.5474735e-13 | AR49: 0 | AS49: 0 | AT49: 0 | AU49: 0 | AV49: 0 | AW49: 0 | AX49: 0 | AY49: 0 | AZ49: 0 | BA49: 0 | BB49: 0 | BC49: 0 | BD49: 0 | BE49: 0 | BF49: 0 | BG49: 0 | BH49: 0 | BI49: 0 | BJ49: =BD49+BC49+BB49+BA49+AZ49+AY49+AX49+AW49+AV49+AU49+AT49+AS49+AR49+BE49+BF49+BG49+BH49+BI49 -> 0 | BK49: =BJ49+AM49+AL49+'11-2025'!$N49+AN49+AO49 -> 4000 | BL49: ='11-2025'!$O49 -> 0 | BM49: =BL49*18.75% -> 0 | BN49: =BL49*11% -> 0 | BO49: =+R49 -> 1666.6667 | BP49: =IF(BK49-BN49-BO49<0,0,BK49-BN49-BO49) -> 2333.3333 | BQ49: =IFERROR(BP49/'11-2025'!$J49,0)*12 -> 28000 | BR49: =IF(BQ49<=40000,0, IF(BQ49<=55000,(BQ49-40000)*10%, IF(BQ49<=70000,(BQ49-55000)*15%+1500, IF(BQ49<=200000,(BQ49-70000)*20%+1500+2250, IF(BQ49<=400000,(BQ49-200000)*22.5%+1500+2250+26000, IF(BQ49<=600000,(BQ49-400000)*25%+1500+2250+26000+45000, IF(AND(BQ49>600000,BQ49<=1200000),(BQ49-400000)*25%+1500+2250+26000+45000 +IFERROR(LOOKUP(BQ49,{600001;700001;800001;900001},{4000;6750;10250;15250}),0),IF(BQ49>1200000,((BQ49-1200000)*27.5%)+300000,0) ))))))) -> 0 | BS49: =(BR49/12*'11-2025'!$J49) -> 0 | BT49: =BS49-'11-2025'!$V49 -> 0 | BU49: =IFERROR(+'11-2025'!$W49+AL49+AM49+BJ49-'11-2025'!$AJ49-BT49+AN49+AO49,"")-AL49+AP49+AQ49 -> -4.5474735e-13 | BX49: =+BU49-BW49 -> -4.5474735e-13
A50: 466 | B50: فاطمة محمود سلامة إبراهيم | C50: المنصورة | D50: التحصيل | E50: شركة تنمية | F50: رئيس فريق عمل | G50: 45575 | I50: 29309251200181 | J50: 1 | K50: 2700 | N50: =SUM('11-2025'!$K50:$M50) -> 2700 | O50: 2700 | P50: =O50*18.75% -> 506.25 | Q50: =O50*11% -> 297 | R50: 1666.6667 | S50: =IF(N50-Q50-R50<0,0,N50-Q50-R50) -> 736.33333 | T50: =IFERROR(S50/J50,0)*12 -> 8836 | U50: =IF(T50<=40000,0, IF(T50<=55000,(T50-40000)*10%, IF(T50<=70000,(T50-55000)*15%+1500, IF(T50<=200000,(T50-70000)*20%+1500+2250, IF(T50<=400000,(T50-200000)*22.5%+1500+2250+26000, IF(T50<=600000,(T50-400000)*25%+1500+2250+26000+45000, IF(AND(T50>600000,T50<=1200000),(T50-400000)*25%+1500+2250+26000+45000 +IFERROR(LOOKUP(T50,{600001;700001;800001;900001},{4000;6750;10250;15250}),0),IF(T50>1200000,((T50-1200000)*27.5%)+300000,0) ))))))) -> 0 | V50: =U50/12*J50 -> 0 | W50: =+'11-2025'!$S50-'11-2025'!$V50+'11-2025'!$R50 -> 2403 | X50: =IFERROR(W50/30,"") -> 80.1 | Y50: 0 | Z50: =IFERROR(+'11-2025'!$X50*'11-2025'!$Y50,"") -> 0 | AA50: 0 | AB50: =IFERROR(+'11-2025'!$X50*'11-2025'!$AA50,"") -> 0 | AC50: 0 | AD50: =IFERROR(+'11-2025'!$X50*'11-2025'!$AC50,"") -> 0 | AE50: 0 | AF50: =IFERROR(+'11-2025'!$X50*'11-2025'!$AE50,"") -> 0 | AG50: 0 | AH50: =IFERROR(+'11-2025'!$X50*'11-2025'!$AG50,"") -> 0 | AI50: 0 | AJ50: =IFERROR('11-2025'!$Z50+'11-2025'!$AB50+'11-2025'!$AD50+'11-2025'!$AF50+'11-2025'!$AH50+'11-2025'!$AI50,"") -> 0 | AK50: =IFERROR('11-2025'!$W50-'11-2025'!$AJ50,"") -> 2403 | AO50: 60 | AR50: 0 | AS50: 0 | AT50: 0 | AU50: 0 | AV50: 0 | AW50: 0 | AX50: 0 | AY50: 0 | AZ50: 0 | BA50: 0 | BB50: 0 | BC50: 0 | BD50: 0 | BE50: 876.69 | BF50: 0 | BG50: 0 | BH50: 0 | BI50: 0 | BJ50: =BD50+BC50+BB50+BA50+AZ50+AY50+AX50+AW50+AV50+AU50+AT50+AS50+AR50+BE50+BF50+BG50+BH50+BI50 -> 876.69 | BK50: =BJ50+AM50+AL50+'11-2025'!$N50+AN50+AO50 -> 3636.69 | BL50: ='11-2025'!$O50 -> 2700 | BM50: =BL50*18.75% -> 506.25 | BN50: =BL50*11% -> 297 | BO50: =+R50 -> 1666.6667 | BP50: =IF(BK50-BN50-BO50<0,0,BK50-BN50-BO50) -> 1673.0233 | BQ50: =IFERROR(BP50/'11-2025'!$J50,0)*12 -> 20076.28 | BR50: =IF(BQ50<=40000,0, IF(BQ50<=55000,(BQ50-40000)*10%, IF(BQ50<=70000,(BQ50-55000)*15%+1500, IF(BQ50<=200000,(BQ50-70000)*20%+1500+2250, IF(BQ50<=400000,(BQ50-200000)*22.5%+1500+2250+26000, IF(BQ50<=600000,(BQ50-400000)*25%+1500+2250+26000+45000, IF(AND(BQ50>600000,BQ50<=1200000),(BQ50-400000)*25%+1500+2250+26000+45000 +IFERROR(LOOKUP(BQ50,{600001;700001;800001;900001},{4000;6750;10250;15250}),0),IF(BQ50>1200000,((BQ50-1200000)*27.5%)+300000,0) ))))))) -> 0 | BS50: =(BR50/12*'11-2025'!$J50) -> 0 | BT50: =BS50-'11-2025'!$V50 -> 0 | BU50: =IFERROR(+'11-2025'!$W50+AL50+AM50+BJ50-'11-2025'!$AJ50-BT50+AN50+AO50,"")-AL50+AP50+AQ50 -> 3339.69 | BX50: =+BU50-BW50 -> 3339.69
A51: 473 | B51: رحمه عاطف احمد علي | C51: 20أ القاهرة | D51: التحصيل | E51: شركة مانى فيللوز | F51: وكيل تحصيل هاتفى | G51: 45582 | I51: 30406050100589 | J51: 1 | K51: 2500 | N51: =SUM('11-2025'!$K51:$M51) -> 2500 | O51: 2500 | P51: =O51*18.75% -> 468.75 | Q51: =O51*11% -> 275 | R51: 1666.6667 | S51: =IF(N51-Q51-R51<0,0,N51-Q51-R51) -> 558.33333 | T51: =IFERROR(S51/J51,0)*12 -> 6700 | U51: =IF(T51<=40000,0, IF(T51<=55000,(T51-40000)*10%, IF(T51<=70000,(T51-55000)*15%+1500, IF(T51<=200000,(T51-70000)*20%+1500+2250, IF(T51<=400000,(T51-200000)*22.5%+1500+2250+26000, IF(T51<=600000,(T51-400000)*25%+1500+2250+26000+45000, IF(AND(T51>600000,T51<=1200000),(T51-400000)*25%+1500+2250+26000+45000 +IFERROR(LOOKUP(T51,{600001;700001;800001;900001},{4000;6750;10250;15250}),0),IF(T51>1200000,((T51-1200000)*27.5%)+300000,0) ))))))) -> 0 | V51: =U51/12*J51 -> 0 | W51: =+'11-2025'!$S51-'11-2025'!$V51+'11-2025'!$R51 -> 2225 | X51: =IFERROR(W51/30,"") -> 74.166667 | Y51: 0 | Z51: =IFERROR(+'11-2025'!$X51*'11-2025'!$Y51,"") -> 0 | AA51: 2 | AB51: =IFERROR(+'11-2025'!$X51*'11-2025'!$AA51,"") -> 148.33333 | AC51: 0 | AD51: =IFERROR(+'11-2025'!$X51*'11-2025'!$AC51,"") -> 0 | AE51: 0 | AF51: =IFERROR(+'11-2025'!$X51*'11-2025'!$AE51,"") -> 0 | AG51: 2.75 | AH51: =IFERROR(+'11-2025'!$X51*'11-2025'!$AG51,"") -> 203.95833 | AI51: 0 | AJ51: =IFERROR('11-2025'!$Z51+'11-2025'!$AB51+'11-2025'!$AD51+'11-2025'!$AF51+'11-2025'!$AH51+'11-2025'!$AI51,"") -> 352.29167 | AK51: =IFERROR('11-2025'!$W51-'11-2025'!$AJ51,"") -> 1872.7083 | AO51: 0 | AR51: 0 | AS51: 0 | AT51: 0 | AU51: 0 | AV51: 0 | AW51: 1593.0825 | AX51: 0 | AY51: 0 | AZ51: 0 | BA51: 0 | BB51: 0 | BC51: 0 | BD51: 0 | BE51: 0 | BF51: 0 | BG51: 0 | BH51: 0 | BI51: 0 | BJ51: =BD51+BC51+BB51+BA51+AZ51+AY51+AX51+AW51+AV51+AU51+AT51+AS51+AR51+BE51+BF51+BG51+BH51+BI51 -> 1593.0825 | BK51: =BJ51+AM51+AL51+'11-2025'!$N51+AN51+AO51 -> 4093.0825 | BL51: ='11-2025'!$O51 -> 2500 | BM51: =BL51*18.75% -> 468.75 | BN51: =BL51*11% -> 275 | BO51: =+R51 -> 1666.6667 | BP51: =IF(BK51-BN51-BO51<0,0,BK51-BN51-BO51) -> 2151.4158 | BQ51: =IFERROR(BP51/'11-2025'!$J51,0)*12 -> 25816.99 | BR51: =IF(BQ51<=40000,0, IF(BQ51<=55000,(BQ51-40000)*10%, IF(BQ51<=70000,(BQ51-55000)*15%+1500, IF(BQ51<=200000,(BQ51-70000)*20%+1500+2250, IF(BQ51<=400000,(BQ51-200000)*22.5%+1500+2250+26000, IF(BQ51<=600000,(BQ51-400000)*25%+1500+2250+26000+45000, IF(AND(BQ51>600000,BQ51<=1200000),(BQ51-400000)*25%+1500+2250+26000+45000 +IFERROR(LOOKUP(BQ51,{600001;700001;800001;900001},{4000;6750;10250;15250}),0),IF(BQ51>1200000,((BQ51-1200000)*27.5%)+300000,0) ))))))) -> 0 | BS51: =(BR51/12*'11-2025'!$J51) -> 0 | BT51: =BS51-'11-2025'!$V51 -> 0 | BU51: =IFERROR(+'11-2025'!$W51+AL51+AM51+BJ51-'11-2025'!$AJ51-BT51+AN51+AO51,"")-AL51+AP51+AQ51 -> 3465.7908 | BX51: =+BU51-BW51 -> 3465.7908
A52: 475 | B52: احمد إبراهيم مبروك سعيد | C52: 25ج القاهرة | D52: التحصيل | E52: بنك كريدى اجريكول | F52: وكيل تحصيل | G52: 45584 | H52: 45900 | I52: 0 | J52: 1 | K52: 2750 | N52: =SUM('11-2025'!$K52:$M52) -> 2750 | P52: =O52*18.75% -> 0 | Q52: =O52*11% -> 0 | R52: 1666.6667 | S52: =IF(N52-Q52-R52<0,0,N52-Q52-R52) -> 1083.3333 | T52: =IFERROR(S52/J52,0)*12 -> 13000 | U52: =IF(T52<=40000,0, IF(T52<=55000,(T52-40000)*10%, IF(T52<=70000,(T52-55000)*15%+1500, IF(T52<=200000,(T52-70000)*20%+1500+2250, IF(T52<=400000,(T52-200000)*22.5%+1500+2250+26000, IF(T52<=600000,(T52-400000)*25%+1500+2250+26000+45000, IF(AND(T52>600000,T52<=1200000),(T52-400000)*25%+1500+2250+26000+45000 +IFERROR(LOOKUP(T52,{600001;700001;800001;900001},{4000;6750;10250;15250}),0),IF(T52>1200000,((T52-1200000)*27.5%)+300000,0) ))))))) -> 0 | V52: =U52/12*J52 -> 0 | W52: =+'11-2025'!$S52-'11-2025'!$V52+'11-2025'!$R52 -> 2750 | X52: =IFERROR(W52/30,"") -> 91.666667 | Z52: =IFERROR(+'11-2025'!$X52*'11-2025'!$Y52,"") -> 0 | AB52: =IFERROR(+'11-2025'!$X52*'11-2025'!$AA52,"") -> 0 | AC52: 30 | AD52: =IFERROR(+'11-2025'!$X52*'11-2025'!$AC52,"") -> 2750 | AF52: =IFERROR(+'11-2025'!$X52*'11-2025'!$AE52,"") -> 0 | AH52: =IFERROR(+'11-2025'!$X52*'11-2025'!$AG52,"") -> 0 | AI52: 0 | AJ52: =IFERROR('11-2025'!$Z52+'11-2025'!$AB52+'11-2025'!$AD52+'11-2025'!$AF52+'11-2025'!$AH52+'11-2025'!$AI52,"") -> 2750 | AK52: =IFERROR('11-2025'!$W52-'11-2025'!$AJ52,"") -> 0 | AR52: 0 | AS52: 0 | AT52: 0 | AU52: 0 | AV52: 0 | AW52: 0 | AX52: 0 | AY52: 0 | AZ52: 0 | BA52: 0 | BB52: 0 | BC52: 0 | BD52: 0 | BE52: 0 | BF52: 0 | BG52: 0 | BH52: 0 | BI52: 0 | BJ52: =BD52+BC52+BB52+BA52+AZ52+AY52+AX52+AW52+AV52+AU52+AT52+AS52+AR52+BE52+BF52+BG52+BH52+BI52 -> 0 | BK52: =BJ52+AM52+AL52+'11-2025'!$N52+AN52+AO52 -> 2750 | BL52: ='11-2025'!$O52 -> 0 | BM52: =BL52*18.75% -> 0 | BN52: =BL52*11% -> 0 | BO52: =+R52 -> 1666.6667 | BP52: =IF(BK52-BN52-BO52<0,0,BK52-BN52-BO52) -> 1083.3333 | BQ52: =IFERROR(BP52/'11-2025'!$J52,0)*12 -> 13000 | BR52: =IF(BQ52<=40000,0, IF(BQ52<=55000,(BQ52-40000)*10%, IF(BQ52<=70000,(BQ52-55000)*15%+1500, IF(BQ52<=200000,(BQ52-70000)*20%+1500+2250, IF(BQ52<=400000,(BQ52-200000)*22.5%+1500+2250+26000, IF(BQ52<=600000,(BQ52-400000)*25%+1500+2250+26000+45000, IF(AND(BQ52>600000,BQ52<=1200000),(BQ52-400000)*25%+1500+2250+26000+45000 +IFERROR(LOOKUP(BQ52,{600001;700001;800001;900001},{4000;6750;10250;15250}),0),IF(BQ52>1200000,((BQ52-1200000)*27.5%)+300000,0) ))))))) -> 0 | BS52: =(BR52/12*'11-2025'!$J52) -> 0 | BT52: =BS52-'11-2025'!$V52 -> 0 | BU52: =IFERROR(+'11-2025'!$W52+AL52+AM52+BJ52-'11-2025'!$AJ52-BT52+AN52+AO52,"")-AL52+AP52+AQ52 -> 0 | BX52: =+BU52-BW52 -> 0
A53: 483 | B53: حبيبه بدر حنفي محمود | C53: 20أ القاهرة | D53: الادارى | E53: الموارد البشرية | F53: مسئول موارد بشرية | G53: 45598 | I53: 30006180104545 | J53: 1 | K53: 4385 | N53: =SUM('11-2025'!$K53:$M53) -> 4385 | O53: 3500 | P53: =O53*18.75% -> 656.25 | Q53: =O53*11% -> 385 | R53: 1666.6667 | S53: =IF(N53-Q53-R53<0,0,N53-Q53-R53) -> 2333.3333 | T53: =IFERROR(S53/J53,0)*12 -> 28000 | U53: =IF(T53<=40000,0, IF(T53<=55000,(T53-40000)*10%, IF(T53<=70000,(T53-55000)*15%+1500, IF(T53<=200000,(T53-70000)*20%+1500+2250, IF(T53<=400000,(T53-200000)*22.5%+1500+2250+26000, IF(T53<=600000,(T53-400000)*25%+1500+2250+26000+45000, IF(AND(T53>600000,T53<=1200000),(T53-400000)*25%+1500+2250+26000+45000 +IFERROR(LOOKUP(T53,{600001;700001;800001;900001},{4000;6750;10250;15250}),0),IF(T53>1200000,((T53-1200000)*27.5%)+300000,0) ))))))) -> 0 | V53: =U53/12*J53 -> 0 | W53: =+'11-2025'!$S53-'11-2025'!$V53+'11-2025'!$R53 -> 4000 | X53: =IFERROR(W53/30,"") -> 133.33333 | Y53: 0 | Z53: =IFERROR(+'11-2025'!$X53*'11-2025'!$Y53,"") -> 0 | AA53: 0 | AB53: =IFERROR(+'11-2025'!$X53*'11-2025'!$AA53,"") -> 0 | AC53: 0 | AD53: =IFERROR(+'11-2025'!$X53*'11-2025'!$AC53,"") -> 0 | AE53: 0 | AF53: =IFERROR(+'11-2025'!$X53*'11-2025'!$AE53,"") -> 0 | AG53: 0 | AH53: =IFERROR(+'11-2025'!$X53*'11-2025'!$AG53,"") -> 0 | AI53: 0 | AJ53: =IFERROR('11-2025'!$Z53+'11-2025'!$AB53+'11-2025'!$AD53+'11-2025'!$AF53+'11-2025'!$AH53+'11-2025'!$AI53,"") -> 0 | AK53: =IFERROR('11-2025'!$W53-'11-2025'!$AJ53,"") -> 4000 | AO53: 0 | AR53: 0 | AS53: 0 | AT53: 0 | AU53: 0 | AV53: 0 | AW53: 0 | AX53: 0 | AY53: 0 | AZ53: 0 | BA53: 0 | BB53: 0 | BC53: 0 | BD53: 0 | BE53: 0 | BF53: 0 | BG53: 0 | BH53: 0 | BI53: 0 | BJ53: =BD53+BC53+BB53+BA53+AZ53+AY53+AX53+AW53+AV53+AU53+AT53+AS53+AR53+BE53+BF53+BG53+BH53+BI53 -> 0 | BK53: =BJ53+AM53+AL53+'11-2025'!$N53+AN53+AO53 -> 4385 | BL53: ='11-2025'!$O53 -> 3500 | BM53: =BL53*18.75% -> 656.25 | BN53: =BL53*11% -> 385 | BO53: =+R53 -> 1666.6667 | BP53: =IF(BK53-BN53-BO53<0,0,BK53-BN53-BO53) -> 2333.3333 | BQ53: =IFERROR(BP53/'11-2025'!$J53,0)*12 -> 28000 | BR53: =IF(BQ53<=40000,0, IF(BQ53<=55000,(BQ53-40000)*10%, IF(BQ53<=70000,(BQ53-55000)*15%+1500, IF(BQ53<=200000,(BQ53-70000)*20%+1500+2250, IF(BQ53<=400000,(BQ53-200000)*22.5%+1500+2250+26000, IF(BQ53<=600000,(BQ53-400000)*25%+1500+2250+26000+45000, IF(AND(BQ53>600000,BQ53<=1200000),(BQ53-400000)*25%+1500+2250+26000+45000 +IFERROR(LOOKUP(BQ53,{600001;700001;800001;900001},{4000;6750;10250;15250}),0),IF(BQ53>1200000,((BQ53-1200000)*27.5%)+300000,0) ))))))) -> 0 | BS53: =(BR53/12*'11-2025'!$J53) -> 0 | BT53: =BS53-'11-2025'!$V53 -> 0 | BU53: =IFERROR(+'11-2025'!$W53+AL53+AM53+BJ53-'11-2025'!$AJ53-BT53+AN53+AO53,"")-AL53+AP53+AQ53 -> 4000 | BX53: =+BU53-BW53 -> 4000 | BY53: فيزا
A54: 484 | B54: ايمان رمضان السعيد مصطفي | C54: المنصورة | D54: الادارى | E54: الموارد البشرية | F54: مسئول موارد بشرية | G54: 45598 | I54: 28807031200187 | J54: 1 | K54: 3500 | N54: =SUM('11-2025'!$K54:$M54) -> 3500 | O54: 0 | P54: =O54*18.75% -> 0 | Q54: =O54*11% -> 0 | R54: 1666.6667 | S54: =IF(N54-Q54-R54<0,0,N54-Q54-R54) -> 1833.3333 | T54: =IFERROR(S54/J54,0)*12 -> 22000 | U54: =IF(T54<=40000,0, IF(T54<=55000,(T54-40000)*10%, IF(T54<=70000,(T54-55000)*15%+1500, IF(T54<=200000,(T54-70000)*20%+1500+2250, IF(T54<=400000,(T54-200000)*22.5%+1500+2250+26000, IF(T54<=600000,(T54-400000)*25%+1500+2250+26000+45000, IF(AND(T54>600000,T54<=1200000),(T54-400000)*25%+1500+2250+26000+45000 +IFERROR(LOOKUP(T54,{600001;700001;800001;900001},{4000;6750;10250;15250}),0),IF(T54>1200000,((T54-1200000)*27.5%)+300000,0) ))))))) -> 0 | V54: =U54/12*J54 -> 0 | W54: =+'11-2025'!$S54-'11-2025'!$V54+'11-2025'!$R54 -> 3500 | X54: =IFERROR(W54/30,"") -> 116.66667 | Y54: 0 | Z54: =IFERROR(+'11-2025'!$X54*'11-2025'!$Y54,"") -> 0 | AA54: 0 | AB54: =IFERROR(+'11-2025'!$X54*'11-2025'!$AA54,"") -> 0 | AC54: 0 | AD54: =IFERROR(+'11-2025'!$X54*'11-2025'!$AC54,"") -> 0 | AE54: 0 | AF54: =IFERROR(+'11-2025'!$X54*'11-2025'!$AE54,"") -> 0 | AG54: 0 | AH54: =IFERROR(+'11-2025'!$X54*'11-2025'!$AG54,"") -> 0 | AI54: 0 | AJ54: =IFERROR('11-2025'!$Z54+'11-2025'!$AB54+'11-2025'!$AD54+'11-2025'!$AF54+'11-2025'!$AH54+'11-2025'!$AI54,"") -> 0 | AK54: =IFERROR('11-2025'!$W54-'11-2025'!$AJ54,"") -> 3500 | AO54: 0 | AR54: 0 | AS54: 0 | AT54: 0 | AU54: 0 | AV54: 0 | AW54: 0 | AX54: 0 | AY54: 0 | AZ54: 0 | BA54: 0 | BB54: 0 | BC54: 0 | BD54: 0 | BE54: 0 | BF54: 0 | BG54: 0 | BH54: 0 | BI54: 0 | BJ54: =BD54+BC54+BB54+BA54+AZ54+AY54+AX54+AW54+AV54+AU54+AT54+AS54+AR54+BE54+BF54+BG54+BH54+BI54 -> 0 | BK54: =BJ54+AM54+AL54+'11-2025'!$N54+AN54+AO54 -> 3500 | BL54: ='11-2025'!$O54 -> 0 | BM54: =BL54*18.75% -> 0 | BN54: =BL54*11% -> 0 | BO54: =+R54 -> 1666.6667 | BP54: =IF(BK54-BN54-BO54<0,0,BK54-BN54-BO54) -> 1833.3333 | BQ54: =IFERROR(BP54/'11-2025'!$J54,0)*12 -> 22000 | BR54: =IF(BQ54<=40000,0, IF(BQ54<=55000,(BQ54-40000)*10%, IF(BQ54<=70000,(BQ54-55000)*15%+1500, IF(BQ54<=200000,(BQ54-70000)*20%+1500+2250, IF(BQ54<=400000,(BQ54-200000)*22.5%+1500+2250+26000, IF(BQ54<=600000,(BQ54-400000)*25%+1500+2250+26000+45000, IF(AND(BQ54>600000,BQ54<=1200000),(BQ54-400000)*25%+1500+2250+26000+45000 +IFERROR(LOOKUP(BQ54,{600001;700001;800001;900001},{4000;6750;10250;15250}),0),IF(BQ54>1200000,((BQ54-1200000)*27.5%)+300000,0) ))))))) -> 0 | BS54: =(BR54/12*'11-2025'!$J54) -> 0 | BT54: =BS54-'11-2025'!$V54 -> 0 | BU54: =IFERROR(+'11-2025'!$W54+AL54+AM54+BJ54-'11-2025'!$AJ54-BT54+AN54+AO54,"")-AL54+AP54+AQ54 -> 3500 | BX54: =+BU54-BW54 -> 3500 | BY54: فيزا
A55: 492 | B55: اسامه محمد احمد عبد الحميد | C55: 20أ القاهرة | D55: الادارى | E55: الشئون القانونية | F55: مدير شئون قانونية | G55: 45605 | I55: 28206152104831 | J55: 1 | K55: 11590.92 | N55: =SUM('11-2025'!$K55:$M55) -> 11590.92 | O55: 5230 | P55: =O55*18.75% -> 980.625 | Q55: =O55*11% -> 575.3 | R55: 1666.6667 | S55: =IF(N55-Q55-R55<0,0,N55-Q55-R55) -> 9348.9533 | T55: =IFERROR(S55/J55,0)*12 -> 112187.44 | U55: =IF(T55<=40000,0, IF(T55<=55000,(T55-40000)*10%, IF(T55<=70000,(T55-55000)*15%+1500, IF(T55<=200000,(T55-70000)*20%+1500+2250, IF(T55<=400000,(T55-200000)*22.5%+1500+2250+26000, IF(T55<=600000,(T55-400000)*25%+1500+2250+26000+45000, IF(AND(T55>600000,T55<=1200000),(T55-400000)*25%+1500+2250+26000+45000 +IFERROR(LOOKUP(T55,{600001;700001;800001;900001},{4000;6750;10250;15250}),0),IF(T55>1200000,((T55-1200000)*27.5%)+300000,0) ))))))) -> 12187.488 | V55: =U55/12*J55 -> 1015.624 | W55: =+'11-2025'!$S55-'11-2025'!$V55+'11-2025'!$R55 -> 9999.996 | X55: =IFERROR(W55/30,"") -> 333.3332 | Y55: 0 | Z55: =IFERROR(+'11-2025'!$X55*'11-2025'!$Y55,"") -> 0 | AA55: 0 | AB55: =IFERROR(+'11-2025'!$X55*'11-2025'!$AA55,"") -> 0 | AC55: 0 | AD55: =IFERROR(+'11-2025'!$X55*'11-2025'!$AC55,"") -> 0 | AE55: 0 | AF55: =IFERROR(+'11-2025'!$X55*'11-2025'!$AE55,"") -> 0 | AG55: 0 | AH55: =IFERROR(+'11-2025'!$X55*'11-2025'!$AG55,"") -> 0 | AI55: 0 | AJ55: =IFERROR('11-2025'!$Z55+'11-2025'!$AB55+'11-2025'!$AD55+'11-2025'!$AF55+'11-2025'!$AH55+'11-2025'!$AI55,"") -> 0 | AK55: =IFERROR('11-2025'!$W55-'11-2025'!$AJ55,"") -> 9999.996 | AM55: 500 | AO55: 220 | AR55: 0 | AS55: 0 | AT55: 0 | AU55: 0 | AV55: 0 | AW55: 0 | AX55: 900 | AY55: 240 | AZ55: 0 | BA55: 320 | BB55: 240 | BC55: 0 | BD55: 0 | BE55: 0 | BF55: 115 | BG55: 0 | BH55: 0 | BI55: 560 | BJ55: =BD55+BC55+BB55+BA55+AZ55+AY55+AX55+AW55+AV55+AU55+AT55+AS55+AR55+BE55+BF55+BG55+BH55+BI55 -> 2375 | BK55: =BJ55+AM55+AL55+'11-2025'!$N55+AN55+AO55 -> 14685.92 | BL55: ='11-2025'!$O55 -> 5230 | BM55: =BL55*18.75% -> 980.625 | BN55: =BL55*11% -> 575.3 | BO55: =+R55 -> 1666.6667 | BP55: =IF(BK55-BN55-BO55<0,0,BK55-BN55-BO55) -> 12443.953 | BQ55: =IFERROR(BP55/'11-2025'!$J55,0)*12 -> 149327.44 | BR55: =IF(BQ55<=40000,0, IF(BQ55<=55000,(BQ55-40000)*10%, IF(BQ55<=70000,(BQ55-55000)*15%+1500, IF(BQ55<=200000,(BQ55-70000)*20%+1500+2250, IF(BQ55<=400000,(BQ55-200000)*22.5%+1500+2250+26000, IF(BQ55<=600000,(BQ55-400000)*25%+1500+2250+26000+45000, IF(AND(BQ55>600000,BQ55<=1200000),(BQ55-400000)*25%+1500+2250+26000+45000 +IFERROR(LOOKUP(BQ55,{600001;700001;800001;900001},{4000;6750;10250;15250}),0),IF(BQ55>1200000,((BQ55-1200000)*27.5%)+300000,0) ))))))) -> 19615.488 | BS55: =(BR55/12*'11-2025'!$J55) -> 1634.624 | BT55: =BS55-'11-2025'!$V55 -> 619 | BU55: =IFERROR(+'11-2025'!$W55+AL55+AM55+BJ55-'11-2025'!$AJ55-BT55+AN55+AO55,"")-AL55+AP55+AQ55 -> 12475.996 | BV55: مكافاة ترشيح + مكافأة تحرير إنذارات شركة وسيلة | BX55: =+BU55-BW55 -> 12475.996 | BY55: فيزا
A56: 493 | B56: محمود محمد محمود محمد | C56: 20أ القاهرة | D56: الادارى | E56: الشئون القانونية | F56: محامى | G56: 45605 | H56: 45885 | I56: 29809301408733 | J56: 1 | K56: 4000 | N56: =SUM('11-2025'!$K56:$M56) -> 4000 | O56: 4000 | P56: =O56*18.75% -> 750 | Q56: =O56*11% -> 440 | R56: 1666.6667 | S56: =IF(N56-Q56-R56<0,0,N56-Q56-R56) -> 1893.3333 | T56: =IFERROR(S56/J56,0)*12 -> 22720 | U56: =IF(T56<=40000,0, IF(T56<=55000,(T56-40000)*10%, IF(T56<=70000,(T56-55000)*15%+1500, IF(T56<=200000,(T56-70000)*20%+1500+2250, IF(T56<=400000,(T56-200000)*22.5%+1500+2250+26000, IF(T56<=600000,(T56-400000)*25%+1500+2250+26000+45000, IF(AND(T56>600000,T56<=1200000),(T56-400000)*25%+1500+2250+26000+45000 +IFERROR(LOOKUP(T56,{600001;700001;800001;900001},{4000;6750;10250;15250}),0),IF(T56>1200000,((T56-1200000)*27.5%)+300000,0) ))))))) -> 0 | V56: =U56/12*J56 -> 0 | W56: =+'11-2025'!$S56-'11-2025'!$V56+'11-2025'!$R56 -> 3560 | X56: =IFERROR(W56/30,"") -> 118.66667 | Y56: 0 | Z56: =IFERROR(+'11-2025'!$X56*'11-2025'!$Y56,"") -> 0 | AA56: 2 | AB56: =IFERROR(+'11-2025'!$X56*'11-2025'!$AA56,"") -> 237.33333 | AC56: 0.25 | AD56: =IFERROR(+'11-2025'!$X56*'11-2025'!$AC56,"") -> 29.666667 | AE56: 1.5 | AF56: =IFERROR(+'11-2025'!$X56*'11-2025'!$AE56,"") -> 178 | AG56: 1 | AH56: =IFERROR(+'11-2025'!$X56*'11-2025'!$AG56,"") -> 118.66667 | AI56: 0 | AJ56: =IFERROR('11-2025'!$Z56+'11-2025'!$AB56+'11-2025'!$AD56+'11-2025'!$AF56+'11-2025'!$AH56+'11-2025'!$AI56,"") -> 563.66667 | AK56: =IFERROR('11-2025'!$W56-'11-2025'!$AJ56,"") -> 2996.3333 | AO56: 0 | AQ56: -237.33333 | AR56: 0 | AS56: 0 | AT56: 0 | AU56: 0 | AV56: 0 | AW56: 0 | AX56: 0 | AY56: 50 | AZ56: 0 | BA56: 15 | BB56: 35 | BC56: 0 | BD56: 0 | BE56: 0 | BF56: 40 | BG56: 0 | BH56: 0 | BI56: 220 | BJ56: =BD56+BC56+BB56+BA56+AZ56+AY56+AX56+AW56+AV56+AU56+AT56+AS56+AR56+BE56+BF56+BG56+BH56+BI56 -> 360 | BK56: =BJ56+AM56+AL56+'11-2025'!$N56+AN56+AO56 -> 4360 | BL56: ='11-2025'!$O56 -> 4000 | BM56: =BL56*18.75% -> 750 | BN56: =BL56*11% -> 440 | BO56: =+R56 -> 1666.6667 | BP56: =IF(BK56-BN56-BO56<0,0,BK56-BN56-BO56) -> 2253.3333 | BQ56: =IFERROR(BP56/'11-2025'!$J56,0)*12 -> 27040 | BR56: =IF(BQ56<=40000,0, IF(BQ56<=55000,(BQ56-40000)*10%, IF(BQ56<=70000,(BQ56-55000)*15%+1500, IF(BQ56<=200000,(BQ56-70000)*20%+1500+2250, IF(BQ56<=400000,(BQ56-200000)*22.5%+1500+2250+26000, IF(BQ56<=600000,(BQ56-400000)*25%+1500+2250+26000+45000, IF(AND(BQ56>600000,BQ56<=1200000),(BQ56-400000)*25%+1500+2250+26000+45000 +IFERROR(LOOKUP(BQ56,{600001;700001;800001;900001},{4000;6750;10250;15250}),0),IF(BQ56>1200000,((BQ56-1200000)*27.5%)+300000,0) ))))))) -> 0 | BS56: =(BR56/12*'11-2025'!$J56) -> 0 | BT56: =BS56-'11-2025'!$V56 -> 0 | BU56: =IFERROR(+'11-2025'!$W56+AL56+AM56+BJ56-'11-2025'!$AJ56-BT56+AN56+AO56,"")-AL56+AP56+AQ56 -> 3119 | BV56: خصم عدد 2 يوم | BX56: =+BU56-BW56 -> 3119 | BY56: فيزا
A57: 500 | B57: هايدي هشام السيد امام | C57: المنصورة | D57: التحصيل | E57: شركة تنمية | F57: رئيس فريق عمل | G57: 45782 | I57: 29202021200043 | J57: 1 | K57: 2500 | N57: =SUM('11-2025'!$K57:$M57) -> 2500 | P57: =O57*18.75% -> 0 | Q57: =O57*11% -> 0 | R57: 1666.6667 | S57: =IF(N57-Q57-R57<0,0,N57-Q57-R57) -> 833.33333 | T57: =IFERROR(S57/J57,0)*12 -> 10000 | U57: =IF(T57<=40000,0, IF(T57<=55000,(T57-40000)*10%, IF(T57<=70000,(T57-55000)*15%+1500, IF(T57<=200000,(T57-70000)*20%+1500+2250, IF(T57<=400000,(T57-200000)*22.5%+1500+2250+26000, IF(T57<=600000,(T57-400000)*25%+1500+2250+26000+45000, IF(AND(T57>600000,T57<=1200000),(T57-400000)*25%+1500+2250+26000+45000 +IFERROR(LOOKUP(T57,{600001;700001;800001;900001},{4000;6750;10250;15250}),0),IF(T57>1200000,((T57-1200000)*27.5%)+300000,0) ))))))) -> 0 | V57: =U57/12*J57 -> 0 | W57: =+'11-2025'!$S57-'11-2025'!$V57+'11-2025'!$R57 -> 2500 | X57: =IFERROR(W57/30,"") -> 83.333333 | Y57: 0 | Z57: =IFERROR(+'11-2025'!$X57*'11-2025'!$Y57,"") -> 0 | AA57: 0 | AB57: =IFERROR(+'11-2025'!$X57*'11-2025'!$AA57,"") -> 0 | AC57: 0 | AD57: =IFERROR(+'11-2025'!$X57*'11-2025'!$AC57,"") -> 0 | AE57: 0 | AF57: =IFERROR(+'11-2025'!$X57*'11-2025'!$AE57,"") -> 0 | AG57: 0 | AH57: =IFERROR(+'11-2025'!$X57*'11-2025'!$AG57,"") -> 0 | AI57: 0 | AJ57: =IFERROR('11-2025'!$Z57+'11-2025'!$AB57+'11-2025'!$AD57+'11-2025'!$AF57+'11-2025'!$AH57+'11-2025'!$AI57,"") -> 0 | AK57: =IFERROR('11-2025'!$W57-'11-2025'!$AJ57,"") -> 2500 | AO57: 40 | AR57: 0 | AS57: 0 | AT57: 0 | AU57: 0 | AV57: 0 | AW57: 0 | AX57: 0 | AY57: 0 | AZ57: 0 | BA57: 0 | BB57: 0 | BC57: 0 | BD57: 0 | BE57: 2738.71 | BF57: 0 | BG57: 0 | BH57: 0 | BI57: 0 | BJ57: =BD57+BC57+BB57+BA57+AZ57+AY57+AX57+AW57+AV57+AU57+AT57+AS57+AR57+BE57+BF57+BG57+BH57+BI57 -> 2738.71 | BK57: =BJ57+AM57+AL57+'11-2025'!$N57+AN57+AO57 -> 5278.71 | BL57: ='11-2025'!$O57 -> 0 | BM57: =BL57*18.75% -> 0 | BN57: =BL57*11% -> 0 | BO57: =+R57 -> 1666.6667 | BP57: =IF(BK57-BN57-BO57<0,0,BK57-BN57-BO57) -> 3612.0433 | BQ57: =IFERROR(BP57/'11-2025'!$J57,0)*12 -> 43344.52 | BR57: =IF(BQ57<=40000,0, IF(BQ57<=55000,(BQ57-40000)*10%, IF(BQ57<=70000,(BQ57-55000)*15%+1500, IF(BQ57<=200000,(BQ57-70000)*20%+1500+2250, IF(BQ57<=400000,(BQ57-200000)*22.5%+1500+2250+26000, IF(BQ57<=600000,(BQ57-400000)*25%+1500+2250+26000+45000, IF(AND(BQ57>600000,BQ57<=1200000),(BQ57-400000)*25%+1500+2250+26000+45000 +IFERROR(LOOKUP(BQ57,{600001;700001;800001;900001},{4000;6750;10250;15250}),0),IF(BQ57>1200000,((BQ57-1200000)*27.5%)+300000,0) ))))))) -> 334.452 | BS57: =(BR57/12*'11-2025'!$J57) -> 27.871 | BT57: =BS57-'11-2025'!$V57 -> 27.871 | BU57: =IFERROR(+'11-2025'!$W57+AL57+AM57+BJ57-'11-2025'!$AJ57-BT57+AN57+AO57,"")-AL57+AP57+AQ57 -> 5250.839 | BX57: =+BU57-BW57 -> 5250.839
A58: 503 | B58: اسلام احمد محمود علي | C58: المنصورة | D58: الادارى | E58: الشئون القانونية | F58: محامى | G58: 45617 | I58: 29007171200117 | J58: 1 | K58: 4000 | N58: =SUM('11-2025'!$K58:$M58) -> 4000 | P58: =O58*18.75% -> 0 | Q58: =O58*11% -> 0 | R58: 1666.6667 | S58: =IF(N58-Q58-R58<0,0,N58-Q58-R58) -> 2333.3333 | T58: =IFERROR(S58/J58,0)*12 -> 28000 | U58: =IF(T58<=40000,0, IF(T58<=55000,(T58-40000)*10%, IF(T58<=70000,(T58-55000)*15%+1500, IF(T58<=200000,(T58-70000)*20%+1500+2250, IF(T58<=400000,(T58-200000)*22.5%+1500+2250+26000, IF(T58<=600000,(T58-400000)*25%+1500+2250+26000+45000, IF(AND(T58>600000,T58<=1200000),(T58-400000)*25%+1500+2250+26000+45000 +IFERROR(LOOKUP(T58,{600001;700001;800001;900001},{4000;6750;10250;15250}),0),IF(T58>1200000,((T58-1200000)*27.5%)+300000,0) ))))))) -> 0 | V58: =U58/12*J58 -> 0 | W58: =+'11-2025'!$S58-'11-2025'!$V58+'11-2025'!$R58 -> 4000 | X58: =IFERROR(W58/30,"") -> 133.33333 | Y58: 0 | Z58: =IFERROR(+'11-2025'!$X58*'11-2025'!$Y58,"") -> 0 | AA58: 0 | AB58: =IFERROR(+'11-2025'!$X58*'11-2025'!$AA58,"") -> 0 | AC58: 0 | AD58: =IFERROR(+'11-2025'!$X58*'11-2025'!$AC58,"") -> 0 | AE58: 0 | AF58: =IFERROR(+'11-2025'!$X58*'11-2025'!$AE58,"") -> 0 | AG58: 0 | AH58: =IFERROR(+'11-2025'!$X58*'11-2025'!$AG58,"") -> 0 | AI58: 0 | AJ58: =IFERROR('11-2025'!$Z58+'11-2025'!$AB58+'11-2025'!$AD58+'11-2025'!$AF58+'11-2025'!$AH58+'11-2025'!$AI58,"") -> 0 | AK58: =IFERROR('11-2025'!$W58-'11-2025'!$AJ58,"") -> 4000 | AO58: 0 | AR58: 0 | AS58: 0 | AT58: 0 | AU58: 0 | AV58: 0 | AW58: 0 | AX58: 0 | AY58: 0 | AZ58: 0 | BA58: 215 | BB58: 0 | BC58: 0 | BD58: 0 | BE58: 0 | BF58: 50 | BG58: 0 | BH58: 0 | BI58: 0 | BJ58: =BD58+BC58+BB58+BA58+AZ58+AY58+AX58+AW58+AV58+AU58+AT58+AS58+AR58+BE58+BF58+BG58+BH58+BI58 -> 265 | BK58: =BJ58+AM58+AL58+'11-2025'!$N58+AN58+AO58 -> 4265 | BL58: ='11-2025'!$O58 -> 0 | BM58: =BL58*18.75% -> 0 | BN58: =BL58*11% -> 0 | BO58: =+R58 -> 1666.6667 | BP58: =IF(BK58-BN58-BO58<0,0,BK58-BN58-BO58) -> 2598.3333 | BQ58: =IFERROR(BP58/'11-2025'!$J58,0)*12 -> 31180 | BR58: =IF(BQ58<=40000,0, IF(BQ58<=55000,(BQ58-40000)*10%, IF(BQ58<=70000,(BQ58-55000)*15%+1500, IF(BQ58<=200000,(BQ58-70000)*20%+1500+2250, IF(BQ58<=400000,(BQ58-200000)*22.5%+1500+2250+26000, IF(BQ58<=600000,(BQ58-400000)*25%+1500+2250+26000+45000, IF(AND(BQ58>600000,BQ58<=1200000),(BQ58-400000)*25%+1500+2250+26000+45000 +IFERROR(LOOKUP(BQ58,{600001;700001;800001;900001},{4000;6750;10250;15250}),0),IF(BQ58>1200000,((BQ58-1200000)*27.5%)+300000,0) ))))))) -> 0 | BS58: =(BR58/12*'11-2025'!$J58) -> 0 | BT58: =BS58-'11-2025'!$V58 -> 0 | BU58: =IFERROR(+'11-2025'!$W58+AL58+AM58+BJ58-'11-2025'!$AJ58-BT58+AN58+AO58,"")-AL58+AP58+AQ58 -> 4265 | BX58: =+BU58-BW58 -> 4265
A59: 504 | B59: بلال فريد شوقي احمد | C59: 25ج القاهرة | D59: التحصيل | E59: بنك كريدى اجريكول | F59: وكيل تحصيل | G59: 45619 | H59: 45931 | I59: 30609142100214 | J59: 1 | K59: 2700 | N59: =SUM('11-2025'!$K59:$M59) -> 2700 | O59: 2700 | P59: =O59*18.75% -> 506.25 | Q59: =O59*11% -> 297 | R59: 1666.6667 | S59: =IF(N59-Q59-R59<0,0,N59-Q59-R59) -> 736.33333 | T59: =IFERROR(S59/J59,0)*12 -> 8836 | U59: =IF(T59<=40000,0, IF(T59<=55000,(T59-40000)*10%, IF(T59<=70000,(T59-55000)*15%+1500, IF(T59<=200000,(T59-70000)*20%+1500+2250, IF(T59<=400000,(T59-200000)*22.5%+1500+2250+26000, IF(T59<=600000,(T59-400000)*25%+1500+2250+26000+45000, IF(AND(T59>600000,T59<=1200000),(T59-400000)*25%+1500+2250+26000+45000 +IFERROR(LOOKUP(T59,{600001;700001;800001;900001},{4000;6750;10250;15250}),0),IF(T59>1200000,((T59-1200000)*27.5%)+300000,0) ))))))) -> 0 | V59: =U59/12*J59 -> 0 | W59: =+'11-2025'!$S59-'11-2025'!$V59+'11-2025'!$R59 -> 2403 | X59: =IFERROR(W59/30,"") -> 80.1 | Z59: =IFERROR(+'11-2025'!$X59*'11-2025'!$Y59,"") -> 0 | AB59: =IFERROR(+'11-2025'!$X59*'11-2025'!$AA59,"") -> 0 | AC59: 30 | AD59: =IFERROR(+'11-2025'!$X59*'11-2025'!$AC59,"") -> 2403 | AF59: =IFERROR(+'11-2025'!$X59*'11-2025'!$AE59,"") -> 0 | AH59: =IFERROR(+'11-2025'!$X59*'11-2025'!$AG59,"") -> 0 | AI59: 0 | AJ59: =IFERROR('11-2025'!$Z59+'11-2025'!$AB59+'11-2025'!$AD59+'11-2025'!$AF59+'11-2025'!$AH59+'11-2025'!$AI59,"") -> 2403 | AK59: =IFERROR('11-2025'!$W59-'11-2025'!$AJ59,"") -> 0 | AR59: 0 | AS59: 0 | AT59: 0 | AU59: 0 | AV59: 0 | AW59: 0 | AX59: 0 | AY59: 0 | AZ59: 0 | BA59: 0 | BB59: 0 | BC59: 0 | BD59: 0 | BE59: 0 | BF59: 0 | BG59: 0 | BH59: 0 | BI59: 0 | BJ59: =BD59+BC59+BB59+BA59+AZ59+AY59+AX59+AW59+AV59+AU59+AT59+AS59+AR59+BE59+BF59+BG59+BH59+BI59 -> 0 | BK59: =BJ59+AM59+AL59+'11-2025'!$N59+AN59+AO59 -> 2700 | BL59: ='11-2025'!$O59 -> 2700 | BM59: =BL59*18.75% -> 506.25 | BN59: =BL59*11% -> 297 | BO59: =+R59 -> 1666.6667 | BP59: =IF(BK59-BN59-BO59<0,0,BK59-BN59-BO59) -> 736.33333 | BQ59: =IFERROR(BP59/'11-2025'!$J59,0)*12 -> 8836 | BR59: =IF(BQ59<=40000,0, IF(BQ59<=55000,(BQ59-40000)*10%, IF(BQ59<=70000,(BQ59-55000)*15%+1500, IF(BQ59<=200000,(BQ59-70000)*20%+1500+2250, IF(BQ59<=400000,(BQ59-200000)*22.5%+1500+2250+26000, IF(BQ59<=600000,(BQ59-400000)*25%+1500+2250+26000+45000, IF(AND(BQ59>600000,BQ59<=1200000),(BQ59-400000)*25%+1500+2250+26000+45000 +IFERROR(LOOKUP(BQ59,{600001;700001;800001;900001},{4000;6750;10250;15250}),0),IF(BQ59>1200000,((BQ59-1200000)*27.5%)+300000,0) ))))))) -> 0 | BS59: =(BR59/12*'11-2025'!$J59) -> 0 | BT59: =BS59-'11-2025'!$V59 -> 0 | BU59: =IFERROR(+'11-2025'!$W59+AL59+AM59+BJ59-'11-2025'!$AJ59-BT59+AN59+AO59,"")-AL59+AP59+AQ59 -> 0 | BX59: =+BU59-BW59 -> 0
A60: 509 | B60: كريم اشرف فاروق احمد | C60: المنصورة | D60: التحصيل | E60: متعدد | F60: رئيس فريق عمل | G60: 45623 | H60: 45962 | I60: 29804181200538 | J60: 1 | K60: 3300 | N60: =SUM('11-2025'!$K60:$M60) -> 3300 | O60: 3300 | P60: =O60*18.75% -> 618.75 | Q60: =O60*11% -> 363 | R60: 1666.6667 | S60: =IF(N60-Q60-R60<0,0,N60-Q60-R60) -> 1270.3333 | T60: =IFERROR(S60/J60,0)*12 -> 15244 | U60: =IF(T60<=40000,0, IF(T60<=55000,(T60-40000)*10%, IF(T60<=70000,(T60-55000)*15%+1500, IF(T60<=200000,(T60-70000)*20%+1500+2250, IF(T60<=400000,(T60-200000)*22.5%+1500+2250+26000, IF(T60<=600000,(T60-400000)*25%+1500+2250+26000+45000, IF(AND(T60>600000,T60<=1200000),(T60-400000)*25%+1500+2250+26000+45000 +IFERROR(LOOKUP(T60,{600001;700001;800001;900001},{4000;6750;10250;15250}),0),IF(T60>1200000,((T60-1200000)*27.5%)+300000,0) ))))))) -> 0 | V60: =U60/12*J60 -> 0 | W60: =+'11-2025'!$S60-'11-2025'!$V60+'11-2025'!$R60 -> 2937 | X60: =IFERROR(W60/30,"") -> 97.9 | Z60: =IFERROR(+'11-2025'!$X60*'11-2025'!$Y60,"") -> 0 | AA60: 0 | AB60: =IFERROR(+'11-2025'!$X60*'11-2025'!$AA60,"") -> 0 | AC60: 22 | AD60: =IFERROR(+'11-2025'!$X60*'11-2025'!$AC60,"") -> 2153.8 | AE60: 3 | AF60: =IFERROR(+'11-2025'!$X60*'11-2025'!$AE60,"") -> 293.7 | AH60: =IFERROR(+'11-2025'!$X60*'11-2025'!$AG60,"") -> 0 | AI60: 4000 | AJ60: =IFERROR('11-2025'!$Z60+'11-2025'!$AB60+'11-2025'!$AD60+'11-2025'!$AF60+'11-2025'!$AH60+'11-2025'!$AI60,"") -> 6447.5 | AK60: =IFERROR('11-2025'!$W60-'11-2025'!$AJ60,"") -> -3510.5 | AR60: 0 | AS60: 0 | AT60: 0 | AU60: 0 | AV60: 0 | AW60: 0 | AX60: 0 | AY60: 0 | AZ60: 0 | BA60: 0 | BB60: 0 | BC60: 0 | BD60: 0 | BE60: 1336.9725 | BF60: 0 | BG60: 0 | BH60: 0 | BI60: 0 | BJ60: =BD60+BC60+BB60+BA60+AZ60+AY60+AX60+AW60+AV60+AU60+AT60+AS60+AR60+BE60+BF60+BG60+BH60+BI60 -> 1336.9725 | BK60: =BJ60+AM60+AL60+'11-2025'!$N60+AN60+AO60 -> 4636.9725 | BL60: ='11-2025'!$O60 -> 3300 | BM60: =BL60*18.75% -> 618.75 | BN60: =BL60*11% -> 363 | BO60: =+R60 -> 1666.6667 | BP60: =IF(BK60-BN60-BO60<0,0,BK60-BN60-BO60) -> 2607.3058 | BQ60: =IFERROR(BP60/'11-2025'!$J60,0)*12 -> 31287.67 | BR60: =IF(BQ60<=40000,0, IF(BQ60<=55000,(BQ60-40000)*10%, IF(BQ60<=70000,(BQ60-55000)*15%+1500, IF(BQ60<=200000,(BQ60-70000)*20%+1500+2250, IF(BQ60<=400000,(BQ60-200000)*22.5%+1500+2250+26000, IF(BQ60<=600000,(BQ60-400000)*25%+1500+2250+26000+45000, IF(AND(BQ60>600000,BQ60<=1200000),(BQ60-400000)*25%+1500+2250+26000+45000 +IFERROR(LOOKUP(BQ60,{600001;700001;800001;900001},{4000;6750;10250;15250}),0),IF(BQ60>1200000,((BQ60-1200000)*27.5%)+300000,0) ))))))) -> 0 | BS60: =(BR60/12*'11-2025'!$J60) -> 0 | BT60: =BS60-'11-2025'!$V60 -> 0 | BU60: =IFERROR(+'11-2025'!$W60+AL60+AM60+BJ60-'11-2025'!$AJ60-BT60+AN60+AO60,"")-AL60+AP60+AQ60 -> -2173.5275 | BX60: =+BU60-BW60 -> -2173.5275 | BY60: فيزا
A61: 512 | B61: شريهان كمال شفيق حسب الله | C61: 20أ القاهرة | D61: التحصيل | E61: شركة تنمية | F61: وكيل تحصيل هاتفى | G61: 45619 | I61: 28208060104129 | J61: 1 | K61: 2500 | N61: =SUM('11-2025'!$K61:$M61) -> 2500 | O61: 2500 | P61: =O61*18.75% -> 468.75 | Q61: =O61*11% -> 275 | R61: 1666.6667 | S61: =IF(N61-Q61-R61<0,0,N61-Q61-R61) -> 558.33333 | T61: =IFERROR(S61/J61,0)*12 -> 6700 | U61: =IF(T61<=40000,0, IF(T61<=55000,(T61-40000)*10%, IF(T61<=70000,(T61-55000)*15%+1500, IF(T61<=200000,(T61-70000)*20%+1500+2250, IF(T61<=400000,(T61-200000)*22.5%+1500+2250+26000, IF(T61<=600000,(T61-400000)*25%+1500+2250+26000+45000, IF(AND(T61>600000,T61<=1200000),(T61-400000)*25%+1500+2250+26000+45000 +IFERROR(LOOKUP(T61,{600001;700001;800001;900001},{4000;6750;10250;15250}),0),IF(T61>1200000,((T61-1200000)*27.5%)+300000,0) ))))))) -> 0 | V61: =U61/12*J61 -> 0 | W61: =+'11-2025'!$S61-'11-2025'!$V61+'11-2025'!$R61 -> 2225 | X61: =IFERROR(W61/30,"") -> 74.166667 | Y61: 0 | Z61: =IFERROR(+'11-2025'!$X61*'11-2025'!$Y61,"") -> 0 | AA61: 0 | AB61: =IFERROR(+'11-2025'!$X61*'11-2025'!$AA61,"") -> 0 | AC61: 0 | AD61: =IFERROR(+'11-2025'!$X61*'11-2025'!$AC61,"") -> 0 | AE61: 0 | AF61: =IFERROR(+'11-2025'!$X61*'11-2025'!$AE61,"") -> 0 | AG61: 0 | AH61: =IFERROR(+'11-2025'!$X61*'11-2025'!$AG61,"") -> 0 | AI61: 500 | AJ61: =IFERROR('11-2025'!$Z61+'11-2025'!$AB61+'11-2025'!$AD61+'11-2025'!$AF61+'11-2025'!$AH61+'11-2025'!$AI61,"") -> 500 | AK61: =IFERROR('11-2025'!$W61-'11-2025'!$AJ61,"") -> 1725 | AO61: 0 | AR61: 0 | AS61: 0 | AT61: 132.76844 | AU61: 0 | AV61: 0 | AW61: 0 | AX61: 0 | AY61: 0 | AZ61: 0 | BA61: 0 | BB61: 0 | BC61: 0 | BD61: 0 | BE61: 2035.2825 | BF61: 0 | BG61: 0 | BH61: 0 | BI61: 0 | BJ61: =BD61+BC61+BB61+BA61+AZ61+AY61+AX61+AW61+AV61+AU61+AT61+AS61+AR61+BE61+BF61+BG61+BH61+BI61 -> 2168.0509 | BK61: =BJ61+AM61+AL61+'11-2025'!$N61+AN61+AO61 -> 4668.0509 | BL61: ='11-2025'!$O61 -> 2500 | BM61: =BL61*18.75% -> 468.75 | BN61: =BL61*11% -> 275 | BO61: =+R61 -> 1666.6667 | BP61: =IF(BK61-BN61-BO61<0,0,BK61-BN61-BO61) -> 2726.3843 | BQ61: =IFERROR(BP61/'11-2025'!$J61,0)*12 -> 32716.611 | BR61: =IF(BQ61<=40000,0, IF(BQ61<=55000,(BQ61-40000)*10%, IF(BQ61<=70000,(BQ61-55000)*15%+1500, IF(BQ61<=200000,(BQ61-70000)*20%+1500+2250, IF(BQ61<=400000,(BQ61-200000)*22.5%+1500+2250+26000, IF(BQ61<=600000,(BQ61-400000)*25%+1500+2250+26000+45000, IF(AND(BQ61>600000,BQ61<=1200000),(BQ61-400000)*25%+1500+2250+26000+45000 +IFERROR(LOOKUP(BQ61,{600001;700001;800001;900001},{4000;6750;10250;15250}),0),IF(BQ61>1200000,((BQ61-1200000)*27.5%)+300000,0) ))))))) -> 0 | BS61: =(BR61/12*'11-2025'!$J61) -> 0 | BT61: =BS61-'11-2025'!$V61 -> 0 | BU61: =IFERROR(+'11-2025'!$W61+AL61+AM61+BJ61-'11-2025'!$AJ61-BT61+AN61+AO61,"")-AL61+AP61+AQ61 -> 3893.0509 | BX61: =+BU61-BW61 -> 3893.0509 | BY61: فيزا
A62: 514 | B62: حسين احمد حسين محمود مرسى | C62: 20أ القاهرة | D62: التحصيل | E62: ميد بنك | F62: وكيل تحصيل | G62: 45629 | I62: 30207210103056 | J62: 1 | K62: 3000 | N62: =SUM('11-2025'!$K62:$M62) -> 3000 | O62: 3000 | P62: =O62*18.75% -> 562.5 | Q62: =O62*11% -> 330 | R62: 1666.6667 | S62: =IF(N62-Q62-R62<0,0,N62-Q62-R62) -> 1003.3333 | T62: =IFERROR(S62/J62,0)*12 -> 12040 | U62: =IF(T62<=40000,0, IF(T62<=55000,(T62-40000)*10%, IF(T62<=70000,(T62-55000)*15%+1500, IF(T62<=200000,(T62-70000)*20%+1500+2250, IF(T62<=400000,(T62-200000)*22.5%+1500+2250+26000, IF(T62<=600000,(T62-400000)*25%+1500+2250+26000+45000, IF(AND(T62>600000,T62<=1200000),(T62-400000)*25%+1500+2250+26000+45000 +IFERROR(LOOKUP(T62,{600001;700001;800001;900001},{4000;6750;10250;15250}),0),IF(T62>1200000,((T62-1200000)*27.5%)+300000,0) ))))))) -> 0 | V62: =U62/12*J62 -> 0 | W62: =+'11-2025'!$S62-'11-2025'!$V62+'11-2025'!$R62 -> 2670 | X62: =IFERROR(W62/30,"") -> 89 | Y62: 0 | Z62: =IFERROR(+'11-2025'!$X62*'11-2025'!$Y62,"") -> 0 | AA62: 2 | AB62: =IFERROR(+'11-2025'!$X62*'11-2025'!$AA62,"") -> 178 | AC62: 0 | AD62: =IFERROR(+'11-2025'!$X62*'11-2025'!$AC62,"") -> 0 | AE62: 0 | AF62: =IFERROR(+'11-2025'!$X62*'11-2025'!$AE62,"") -> 0 | AG62: 3.25 | AH62: =IFERROR(+'11-2025'!$X62*'11-2025'!$AG62,"") -> 289.25 | AI62: 0 | AJ62: =IFERROR('11-2025'!$Z62+'11-2025'!$AB62+'11-2025'!$AD62+'11-2025'!$AF62+'11-2025'!$AH62+'11-2025'!$AI62,"") -> 467.25 | AK62: =IFERROR('11-2025'!$W62-'11-2025'!$AJ62,"") -> 2202.75 | AO62: 0 | AR62: 0 | AS62: 0 | AT62: 0 | AU62: 0 | AV62: 0 | AW62: 0 | AX62: 0 | AY62: 0 | AZ62: 0 | BA62: 0 | BB62: 0 | BC62: 0 | BD62: 0 | BE62: 0 | BF62: 0 | BG62: 5141.8804 | BH62: 0 | BI62: 0 | BJ62: =BD62+BC62+BB62+BA62+AZ62+AY62+AX62+AW62+AV62+AU62+AT62+AS62+AR62+BE62+BF62+BG62+BH62+BI62 -> 5141.8804 | BK62: =BJ62+AM62+AL62+'11-2025'!$N62+AN62+AO62 -> 8141.8804 | BL62: ='11-2025'!$O62 -> 3000 | BM62: =BL62*18.75% -> 562.5 | BN62: =BL62*11% -> 330 | BO62: =+R62 -> 1666.6667 | BP62: =IF(BK62-BN62-BO62<0,0,BK62-BN62-BO62) -> 6145.2137 | BQ62: =IFERROR(BP62/'11-2025'!$J62,0)*12 -> 73742.565 | BR62: =IF(BQ62<=40000,0, IF(BQ62<=55000,(BQ62-40000)*10%, IF(BQ62<=70000,(BQ62-55000)*15%+1500, IF(BQ62<=200000,(BQ62-70000)*20%+1500+2250, IF(BQ62<=400000,(BQ62-200000)*22.5%+1500+2250+26000, IF(BQ62<=600000,(BQ62-400000)*25%+1500+2250+26000+45000, IF(AND(BQ62>600000,BQ62<=1200000),(BQ62-400000)*25%+1500+2250+26000+45000 +IFERROR(LOOKUP(BQ62,{600001;700001;800001;900001},{4000;6750;10250;15250}),0),IF(BQ62>1200000,((BQ62-1200000)*27.5%)+300000,0) ))))))) -> 4498.513 | BS62: =(BR62/12*'11-2025'!$J62) -> 374.87608 | BT62: =BS62-'11-2025'!$V62 -> 374.87608 | BU62: =IFERROR(+'11-2025'!$W62+AL62+AM62+BJ62-'11-2025'!$AJ62-BT62+AN62+AO62,"")-AL62+AP62+AQ62 -> 6969.7543 | BX62: =+BU62-BW62 -> 6969.7543 | BY62: فيزا
A63: 515 | B63: محمد عبدالمنعم عبدالحليم إبراهيم | C63: 20أ القاهرة | D63: الادارى | E63: الخدمات المعاونة | F63: خدمات معاونة | G63: 45629 | I63: 28406011410539 | J63: 1 | K63: 4440 | N63: =SUM('11-2025'!$K63:$M63) -> 4440 | O63: 4000 | P63: =O63*18.75% -> 750 | Q63: =O63*11% -> 440 | R63: 1666.6667 | S63: =IF(N63-Q63-R63<0,0,N63-Q63-R63) -> 2333.3333 | T63: =IFERROR(S63/J63,0)*12 -> 28000 | U63: =IF(T63<=40000,0, IF(T63<=55000,(T63-40000)*10%, IF(T63<=70000,(T63-55000)*15%+1500, IF(T63<=200000,(T63-70000)*20%+1500+2250, IF(T63<=400000,(T63-200000)*22.5%+1500+2250+26000, IF(T63<=600000,(T63-400000)*25%+1500+2250+26000+45000, IF(AND(T63>600000,T63<=1200000),(T63-400000)*25%+1500+2250+26000+45000 +IFERROR(LOOKUP(T63,{600001;700001;800001;900001},{4000;6750;10250;15250}),0),IF(T63>1200000,((T63-1200000)*27.5%)+300000,0) ))))))) -> 0 | V63: =U63/12*J63 -> 0 | W63: =+'11-2025'!$S63-'11-2025'!$V63+'11-2025'!$R63 -> 4000 | X63: =IFERROR(W63/30,"") -> 133.33333 | Y63: 0 | Z63: =IFERROR(+'11-2025'!$X63*'11-2025'!$Y63,"") -> 0 | AA63: 0 | AB63: =IFERROR(+'11-2025'!$X63*'11-2025'!$AA63,"") -> 0 | AC63: 0 | AD63: =IFERROR(+'11-2025'!$X63*'11-2025'!$AC63,"") -> 0 | AE63: 0 | AF63: =IFERROR(+'11-2025'!$X63*'11-2025'!$AE63,"") -> 0 | AG63: 0 | AH63: =IFERROR(+'11-2025'!$X63*'11-2025'!$AG63,"") -> 0 | AI63: 1000 | AJ63: =IFERROR('11-2025'!$Z63+'11-2025'!$AB63+'11-2025'!$AD63+'11-2025'!$AF63+'11-2025'!$AH63+'11-2025'!$AI63,"") -> 1000 | AK63: =IFERROR('11-2025'!$W63-'11-2025'!$AJ63,"") -> 3000 | AM63: 600 | AO63: 0 | AR63: 0 | AS63: 0 | AT63: 0 | AU63: 0 | AV63: 0 | AW63: 0 | AX63: 0 | AY63: 0 | AZ63: 0 | BA63: 0 | BB63: 0 | BC63: 0 | BD63: 0 | BE63: 0 | BF63: 0 | BG63: 0 | BH63: 0 | BI63: 0 | BJ63: =BD63+BC63+BB63+BA63+AZ63+AY63+AX63+AW63+AV63+AU63+AT63+AS63+AR63+BE63+BF63+BG63+BH63+BI63 -> 0 | BK63: =BJ63+AM63+AL63+'11-2025'!$N63+AN63+AO63 -> 5040 | BL63: ='11-2025'!$O63 -> 4000 | BM63: =BL63*18.75% -> 750 | BN63: =BL63*11% -> 440 | BO63: =+R63 -> 1666.6667 | BP63: =IF(BK63-BN63-BO63<0,0,BK63-BN63-BO63) -> 2933.3333 | BQ63: =IFERROR(BP63/'11-2025'!$J63,0)*12 -> 35200 | BR63: =IF(BQ63<=40000,0, IF(BQ63<=55000,(BQ63-40000)*10%, IF(BQ63<=70000,(BQ63-55000)*15%+1500, IF(BQ63<=200000,(BQ63-70000)*20%+1500+2250, IF(BQ63<=400000,(BQ63-200000)*22.5%+1500+2250+26000, IF(BQ63<=600000,(BQ63-400000)*25%+1500+2250+26000+45000, IF(AND(BQ63>600000,BQ63<=1200000),(BQ63-400000)*25%+1500+2250+26000+45000 +IFERROR(LOOKUP(BQ63,{600001;700001;800001;900001},{4000;6750;10250;15250}),0),IF(BQ63>1200000,((BQ63-1200000)*27.5%)+300000,0) ))))))) -> 0 | BS63: =(BR63/12*'11-2025'!$J63) -> 0 | BT63: =BS63-'11-2025'!$V63 -> 0 | BU63: =IFERROR(+'11-2025'!$W63+AL63+AM63+BJ63-'11-2025'!$AJ63-BT63+AN63+AO63,"")-AL63+AP63+AQ63 -> 3600 | BV63: مكافاة تشجيعية بناء على تعليمات ا/باسم & بدل غلاء المعيشة | BX63: =+BU63-BW63 -> 3600 | BY63: فيزا
A64: 523 | B64: عفاف إبراهيم محمد عبد المجيد | C64: المنصورة | D64: التحصيل | E64: متعدد | F64: محاسب | G64: 45789 | I64: 27705291201101 | J64: 1 | K64: 2500 | N64: =SUM('11-2025'!$K64:$M64) -> 2500 | O64: 2500 | P64: =O64*18.75% -> 468.75 | Q64: =O64*11% -> 275 | R64: 1666.6667 | S64: =IF(N64-Q64-R64<0,0,N64-Q64-R64) -> 558.33333 | T64: =IFERROR(S64/J64,0)*12 -> 6700 | U64: =IF(T64<=40000,0, IF(T64<=55000,(T64-40000)*10%, IF(T64<=70000,(T64-55000)*15%+1500, IF(T64<=200000,(T64-70000)*20%+1500+2250, IF(T64<=400000,(T64-200000)*22.5%+1500+2250+26000, IF(T64<=600000,(T64-400000)*25%+1500+2250+26000+45000, IF(AND(T64>600000,T64<=1200000),(T64-400000)*25%+1500+2250+26000+45000 +IFERROR(LOOKUP(T64,{600001;700001;800001;900001},{4000;6750;10250;15250}),0),IF(T64>1200000,((T64-1200000)*27.5%)+300000,0) ))))))) -> 0 | V64: =U64/12*J64 -> 0 | W64: =+'11-2025'!$S64-'11-2025'!$V64+'11-2025'!$R64 -> 2225 | X64: =IFERROR(W64/30,"") -> 74.166667 | Y64: 0 | Z64: =IFERROR(+'11-2025'!$X64*'11-2025'!$Y64,"") -> 0 | AA64: 0 | AB64: =IFERROR(+'11-2025'!$X64*'11-2025'!$AA64,"") -> 0 | AC64: 0 | AD64: =IFERROR(+'11-2025'!$X64*'11-2025'!$AC64,"") -> 0 | AE64: 0 | AF64: =IFERROR(+'11-2025'!$X64*'11-2025'!$AE64,"") -> 0 | AG64: 0 | AH64: =IFERROR(+'11-2025'!$X64*'11-2025'!$AG64,"") -> 0 | AI64: 0 | AJ64: =IFERROR('11-2025'!$Z64+'11-2025'!$AB64+'11-2025'!$AD64+'11-2025'!$AF64+'11-2025'!$AH64+'11-2025'!$AI64,"") -> 0 | AK64: =IFERROR('11-2025'!$W64-'11-2025'!$AJ64,"") -> 2225 | AO64: 0 | AR64: 0 | AS64: 0 | AT64: 0 | AU64: 0 | AV64: 296.08395 | AW64: 0 | AX64: 0 | AY64: 0 | AZ64: 0 | BA64: 0 | BB64: 0 | BC64: 0 | BD64: 0 | BE64: 0 | BF64: 0 | BG64: 427.5 | BH64: 1698.3 | BI64: 0 | BJ64: =BD64+BC64+BB64+BA64+AZ64+AY64+AX64+AW64+AV64+AU64+AT64+AS64+AR64+BE64+BF64+BG64+BH64+BI64 -> 2421.8839 | BK64: =BJ64+AM64+AL64+'11-2025'!$N64+AN64+AO64 -> 4921.8839 | BL64: ='11-2025'!$O64 -> 2500 | BM64: =BL64*18.75% -> 468.75 | BN64: =BL64*11% -> 275 | BO64: =+R64 -> 1666.6667 | BP64: =IF(BK64-BN64-BO64<0,0,BK64-BN64-BO64) -> 2980.2173 | BQ64: =IFERROR(BP64/'11-2025'!$J64,0)*12 -> 35762.607 | BR64: =IF(BQ64<=40000,0, IF(BQ64<=55000,(BQ64-40000)*10%, IF(BQ64<=70000,(BQ64-55000)*15%+1500, IF(BQ64<=200000,(BQ64-70000)*20%+1500+2250, IF(BQ64<=400000,(BQ64-200000)*22.5%+1500+2250+26000, IF(BQ64<=600000,(BQ64-400000)*25%+1500+2250+26000+45000, IF(AND(BQ64>600000,BQ64<=1200000),(BQ64-400000)*25%+1500+2250+26000+45000 +IFERROR(LOOKUP(BQ64,{600001;700001;800001;900001},{4000;6750;10250;15250}),0),IF(BQ64>1200000,((BQ64-1200000)*27.5%)+300000,0) ))))))) -> 0 | BS64: =(BR64/12*'11-2025'!$J64) -> 0 | BT64: =BS64-'11-2025'!$V64 -> 0 | BU64: =IFERROR(+'11-2025'!$W64+AL64+AM64+BJ64-'11-2025'!$AJ64-BT64+AN64+AO64,"")-AL64+AP64+AQ64 -> 4646.8839 | BX64: =+BU64-BW64 -> 4646.8839
A65: 525 | B65: عبير سليمان خلف سليمان | C65: 20أ القاهرة | D65: التحصيل | E65: شركة حالا | F65: وكيل تحصيل هاتفى | G65: 45794 | H65: 45907 | I65: 30110102505047 | J65: 1 | K65: 3000 | N65: =SUM('11-2025'!$K65:$M65) -> 3000 | P65: =O65*18.75% -> 0 | Q65: =O65*11% -> 0 | R65: 1666.6667 | S65: =IF(N65-Q65-R65<0,0,N65-Q65-R65) -> 1333.3333 | T65: =IFERROR(S65/J65,0)*12 -> 16000 | U65: =IF(T65<=40000,0, IF(T65<=55000,(T65-40000)*10%, IF(T65<=70000,(T65-55000)*15%+1500, IF(T65<=200000,(T65-70000)*20%+1500+2250, IF(T65<=400000,(T65-200000)*22.5%+1500+2250+26000, IF(T65<=600000,(T65-400000)*25%+1500+2250+26000+45000, IF(AND(T65>600000,T65<=1200000),(T65-400000)*25%+1500+2250+26000+45000 +IFERROR(LOOKUP(T65,{600001;700001;800001;900001},{4000;6750;10250;15250}),0),IF(T65>1200000,((T65-1200000)*27.5%)+300000,0) ))))))) -> 0 | V65: =U65/12*J65 -> 0 | W65: =+'11-2025'!$S65-'11-2025'!$V65+'11-2025'!$R65 -> 3000 | X65: =IFERROR(W65/30,"") -> 100 | Y65: 0.5 | Z65: =IFERROR(+'11-2025'!$X65*'11-2025'!$Y65,"") -> 50 | AA65: 2 | AB65: =IFERROR(+'11-2025'!$X65*'11-2025'!$AA65,"") -> 200 | AC65: 11 | AD65: =IFERROR(+'11-2025'!$X65*'11-2025'!$AC65,"") -> 1100 | AE65: 0 | AF65: =IFERROR(+'11-2025'!$X65*'11-2025'!$AE65,"") -> 0 | AG65: 6 | AH65: =IFERROR(+'11-2025'!$X65*'11-2025'!$AG65,"") -> 600 | AI65: 0 | AJ65: =IFERROR('11-2025'!$Z65+'11-2025'!$AB65+'11-2025'!$AD65+'11-2025'!$AF65+'11-2025'!$AH65+'11-2025'!$AI65,"") -> 1950 | AK65: =IFERROR('11-2025'!$W65-'11-2025'!$AJ65,"") -> 1050 | AO65: 0 | AR65: 0 | AS65: 0 | AT65: 0 | AU65: 0 | AV65: 0 | AW65: 0 | AX65: 0 | AY65: 0 | AZ65: 0 | BA65: 0 | BB65: 0 | BC65: 0 | BD65: 0 | BE65: 0 | BF65: 0 | BG65: 0 | BH65: 0 | BI65: 0 | BJ65: =BD65+BC65+BB65+BA65+AZ65+AY65+AX65+AW65+AV65+AU65+AT65+AS65+AR65+BE65+BF65+BG65+BH65+BI65 -> 0 | BK65: =BJ65+AM65+AL65+'11-2025'!$N65+AN65+AO65 -> 3000 | BO65: =+R65 -> 1666.6667 | BT65: =BS65-'11-2025'!$V65 -> 0 | BU65: =IFERROR(+'11-2025'!$W65+AL65+AM65+BJ65-'11-2025'!$AJ65-BT65+AN65+AO65,"")-AL65+AP65+AQ65 -> 1050 | BX65: =+BU65-BW65 -> 1050
A66: 527 | B66: محمد محمود حسين محمود | C66: 25ج القاهرة | D66: التحصيل | E66: شركة راية | F66: مشرف تحصيل | G66: 45633 | I66: 30206020103231 | J66: 1 | K66: 6874.17 | N66: =SUM('11-2025'!$K66:$M66) -> 6874.17 | O66: 5750 | P66: =O66*18.75% -> 1078.125 | Q66: =O66*11% -> 632.5 | R66: 1666.6667 | S66: =IF(N66-Q66-R66<0,0,N66-Q66-R66) -> 4575.0033 | T66: =IFERROR(S66/J66,0)*12 -> 54900.04 | U66: =IF(T66<=40000,0, IF(T66<=55000,(T66-40000)*10%, IF(T66<=70000,(T66-55000)*15%+1500, IF(T66<=200000,(T66-70000)*20%+1500+2250, IF(T66<=400000,(T66-200000)*22.5%+1500+2250+26000, IF(T66<=600000,(T66-400000)*25%+1500+2250+26000+45000, IF(AND(T66>600000,T66<=1200000),(T66-400000)*25%+1500+2250+26000+45000 +IFERROR(LOOKUP(T66,{600001;700001;800001;900001},{4000;6750;10250;15250}),0),IF(T66>1200000,((T66-1200000)*27.5%)+300000,0) ))))))) -> 1490.004 | V66: =U66/12*J66 -> 124.167 | W66: =+'11-2025'!$S66-'11-2025'!$V66+'11-2025'!$R66 -> 6117.503 | X66: =IFERROR(W66/30,"") -> 203.91677 | Y66: 1 | Z66: =IFERROR(+'11-2025'!$X66*'11-2025'!$Y66,"") -> 203.91677 | AA66: 0 | AB66: =IFERROR(+'11-2025'!$X66*'11-2025'!$AA66,"") -> 0 | AC66: 0 | AD66: =IFERROR(+'11-2025'!$X66*'11-2025'!$AC66,"") -> 0 | AE66: 0 | AF66: =IFERROR(+'11-2025'!$X66*'11-2025'!$AE66,"") -> 0 | AG66: 3.25 | AH66: =IFERROR(+'11-2025'!$X66*'11-2025'!$AG66,"") -> 662.72949 | AI66: 4500 | AJ66: =IFERROR('11-2025'!$Z66+'11-2025'!$AB66+'11-2025'!$AD66+'11-2025'!$AF66+'11-2025'!$AH66+'11-2025'!$AI66,"") -> 5366.6463 | AK66: =IFERROR('11-2025'!$W66-'11-2025'!$AJ66,"") -> 750.85674 | AM66: 2400 | AO66: 220 | AR66: 0 | AS66: 0 | AT66: 0 | AU66: 0 | AV66: 9099.8606 | AW66: 0 | AX66: 0 | AY66: 0 | AZ66: 0 | BA66: 0 | BB66: 0 | BC66: 0 | BD66: 0 | BE66: 0 | BF66: 0 | BG66: 0 | BH66: 0 | BI66: 0 | BJ66: =BD66+BC66+BB66+BA66+AZ66+AY66+AX66+AW66+AV66+AU66+AT66+AS66+AR66+BE66+BF66+BG66+BH66+BI66 -> 9099.8606 | BK66: =BJ66+AM66+AL66+'11-2025'!$N66+AN66+AO66 -> 18594.031 | BL66: ='11-2025'!$O66 -> 5750 | BM66: =BL66*18.75% -> 1078.125 | BN66: =BL66*11% -> 632.5 | BO66: =+R66 -> 1666.6667 | BP66: =IF(BK66-BN66-BO66<0,0,BK66-BN66-BO66) -> 16294.864 | BQ66: =IFERROR(BP66/'11-2025'!$J66,0)*12 -> 195538.37 | BR66: =IF(BQ66<=40000,0, IF(BQ66<=55000,(BQ66-40000)*10%, IF(BQ66<=70000,(BQ66-55000)*15%+1500, IF(BQ66<=200000,(BQ66-70000)*20%+1500+2250, IF(BQ66<=400000,(BQ66-200000)*22.5%+1500+2250+26000, IF(BQ66<=600000,(BQ66-400000)*25%+1500+2250+26000+45000, IF(AND(BQ66>600000,BQ66<=1200000),(BQ66-400000)*25%+1500+2250+26000+45000 +IFERROR(LOOKUP(BQ66,{600001;700001;800001;900001},{4000;6750;10250;15250}),0),IF(BQ66>1200000,((BQ66-1200000)*27.5%)+300000,0) ))))))) -> 28857.674 | BS66: =(BR66/12*'11-2025'!$J66) -> 2404.8061 | BT66: =BS66-'11-2025'!$V66 -> 2280.6391 | BU66: =IFERROR(+'11-2025'!$W66+AL66+AM66+BJ66-'11-2025'!$AJ66-BT66+AN66+AO66,"")-AL66+AP66+AQ66 -> 10190.078 | BV66: مكافاة تشجيعية Cae Loans تعليمات ا/وليد | BX66: =+BU66-BW66 -> 10190.078 | BY66: فيزا
A67: 531 | B67: ياسمين سيد عبدالله إبراهيم حسن نصار | C67: 20أ القاهرة | D67: التحصيل | E67: متعدد | F67: خدمات معاونة | G67: 45804 | I67: 30409012110944 | J67: 1 | K67: 2800 | N67: =SUM('11-2025'!$K67:$M67) -> 2800 | O67: 2500 | P67: =O67*18.75% -> 468.75 | Q67: =O67*11% -> 275 | R67: 1666.6667 | S67: =IF(N67-Q67-R67<0,0,N67-Q67-R67) -> 858.33333 | T67: =IFERROR(S67/J67,0)*12 -> 10300 | U67: =IF(T67<=40000,0, IF(T67<=55000,(T67-40000)*10%, IF(T67<=70000,(T67-55000)*15%+1500, IF(T67<=200000,(T67-70000)*20%+1500+2250, IF(T67<=400000,(T67-200000)*22.5%+1500+2250+26000, IF(T67<=600000,(T67-400000)*25%+1500+2250+26000+45000, IF(AND(T67>600000,T67<=1200000),(T67-400000)*25%+1500+2250+26000+45000 +IFERROR(LOOKUP(T67,{600001;700001;800001;900001},{4000;6750;10250;15250}),0),IF(T67>1200000,((T67-1200000)*27.5%)+300000,0) ))))))) -> 0 | V67: =U67/12*J67 -> 0 | W67: =+'11-2025'!$S67-'11-2025'!$V67+'11-2025'!$R67 -> 2525 | X67: =IFERROR(W67/30,"") -> 84.166667 | Y67: 0 | Z67: =IFERROR(+'11-2025'!$X67*'11-2025'!$Y67,"") -> 0 | AA67: 0 | AB67: =IFERROR(+'11-2025'!$X67*'11-2025'!$AA67,"") -> 0 | AC67: 0 | AD67: =IFERROR(+'11-2025'!$X67*'11-2025'!$AC67,"") -> 0 | AE67: 0 | AF67: =IFERROR(+'11-2025'!$X67*'11-2025'!$AE67,"") -> 0 | AG67: 0 | AH67: =IFERROR(+'11-2025'!$X67*'11-2025'!$AG67,"") -> 0 | AI67: 0 | AJ67: =IFERROR('11-2025'!$Z67+'11-2025'!$AB67+'11-2025'!$AD67+'11-2025'!$AF67+'11-2025'!$AH67+'11-2025'!$AI67,"") -> 0 | AK67: =IFERROR('11-2025'!$W67-'11-2025'!$AJ67,"") -> 2525 | AO67: 0 | AR67: 0 | AS67: 0 | AT67: 0 | AU67: 844.33492 | AV67: 0 | AW67: 0 | AX67: 0 | AY67: 0 | AZ67: 0 | BA67: 0 | BB67: 0 | BC67: 0 | BD67: 0 | BE67: 0 | BF67: 0 | BG67: 0 | BH67: 0 | BI67: 0 | BJ67: =BD67+BC67+BB67+BA67+AZ67+AY67+AX67+AW67+AV67+AU67+AT67+AS67+AR67+BE67+BF67+BG67+BH67+BI67 -> 844.33492 | BK67: =BJ67+AM67+AL67+'11-2025'!$N67+AN67+AO67 -> 3644.3349 | BL67: ='11-2025'!$O67 -> 2500 | BM67: =BL67*18.75% -> 468.75 | BN67: =BL67*11% -> 275 | BO67: =+R67 -> 1666.6667 | BP67: =IF(BK67-BN67-BO67<0,0,BK67-BN67-BO67) -> 1702.6683 | BQ67: =IFERROR(BP67/'11-2025'!$J67,0)*12 -> 20432.019 | BR67: =IF(BQ67<=40000,0, IF(BQ67<=55000,(BQ67-40000)*10%, IF(BQ67<=70000,(BQ67-55000)*15%+1500, IF(BQ67<=200000,(BQ67-70000)*20%+1500+2250, IF(BQ67<=400000,(BQ67-200000)*22.5%+1500+2250+26000, IF(BQ67<=600000,(BQ67-400000)*25%+1500+2250+26000+45000, IF(AND(BQ67>600000,BQ67<=1200000),(BQ67-400000)*25%+1500+2250+26000+45000 +IFERROR(LOOKUP(BQ67,{600001;700001;800001;900001},{4000;6750;10250;15250}),0),IF(BQ67>1200000,((BQ67-1200000)*27.5%)+300000,0) ))))))) -> 0 | BS67: =(BR67/12*'11-2025'!$J67) -> 0 | BT67: =BS67-'11-2025'!$V67 -> 0 | BU67: =IFERROR(+'11-2025'!$W67+AL67+AM67+BJ67-'11-2025'!$AJ67-BT67+AN67+AO67,"")-AL67+AP67+AQ67 -> 3369.3349 | BX67: =+BU67-BW67 -> 3369.3349
A68: 541 | B68: شيماء السيد السيد شلبى شهده | C68: المنصورة | D68: التحصيل | E68: شركة تنمية | F68: وكيل تحصيل هاتفى | G68: 45651 | I68: 29403301201521 | J68: 1 | K68: 2500 | N68: =SUM('11-2025'!$K68:$M68) -> 2500 | O68: 0 | P68: =O68*18.75% -> 0 | Q68: =O68*11% -> 0 | R68: 1666.6667 | S68: =IF(N68-Q68-R68<0,0,N68-Q68-R68) -> 833.33333 | T68: =IFERROR(S68/J68,0)*12 -> 10000 | U68: =IF(T68<=40000,0, IF(T68<=55000,(T68-40000)*10%, IF(T68<=70000,(T68-55000)*15%+1500, IF(T68<=200000,(T68-70000)*20%+1500+2250, IF(T68<=400000,(T68-200000)*22.5%+1500+2250+26000, IF(T68<=600000,(T68-400000)*25%+1500+2250+26000+45000, IF(AND(T68>600000,T68<=1200000),(T68-400000)*25%+1500+2250+26000+45000 +IFERROR(LOOKUP(T68,{600001;700001;800001;900001},{4000;6750;10250;15250}),0),IF(T68>1200000,((T68-1200000)*27.5%)+300000,0) ))))))) -> 0 | V68: =U68/12*J68 -> 0 | W68: =+'11-2025'!$S68-'11-2025'!$V68+'11-2025'!$R68 -> 2500 | X68: =IFERROR(W68/30,"") -> 83.333333 | Y68: 0 | Z68: =IFERROR(+'11-2025'!$X68*'11-2025'!$Y68,"") -> 0 | AA68: 0 | AB68: =IFERROR(+'11-2025'!$X68*'11-2025'!$AA68,"") -> 0 | AC68: 0 | AD68: =IFERROR(+'11-2025'!$X68*'11-2025'!$AC68,"") -> 0 | AE68: 0 | AF68: =IFERROR(+'11-2025'!$X68*'11-2025'!$AE68,"") -> 0 | AG68: 0 | AH68: =IFERROR(+'11-2025'!$X68*'11-2025'!$AG68,"") -> 0 | AI68: 0 | AJ68: =IFERROR('11-2025'!$Z68+'11-2025'!$AB68+'11-2025'!$AD68+'11-2025'!$AF68+'11-2025'!$AH68+'11-2025'!$AI68,"") -> 0 | AK68: =IFERROR('11-2025'!$W68-'11-2025'!$AJ68,"") -> 2500 | AO68: 20 | AR68: 0 | AS68: 0 | AT68: 0 | AU68: 0 | AV68: 0 | AW68: 0 | AX68: 0 | AY68: 0 | AZ68: 0 | BA68: 0 | BB68: 0 | BC68: 0 | BD68: 0 | BE68: 1806.4125 | BF68: 0 | BG68: 0 | BH68: 0 | BI68: 0 | BJ68: =BD68+BC68+BB68+BA68+AZ68+AY68+AX68+AW68+AV68+AU68+AT68+AS68+AR68+BE68+BF68+BG68+BH68+BI68 -> 1806.4125 | BK68: =BJ68+AM68+AL68+'11-2025'!$N68+AN68+AO68 -> 4326.4125 | BL68: ='11-2025'!$O68 -> 0 | BM68: =BL68*18.75% -> 0 | BN68: =BL68*11% -> 0 | BO68: =+R68 -> 1666.6667 | BP68: =IF(BK68-BN68-BO68<0,0,BK68-BN68-BO68) -> 2659.7458 | BQ68: =IFERROR(BP68/'11-2025'!$J68,0)*12 -> 31916.95 | BR68: =IF(BQ68<=40000,0, IF(BQ68<=55000,(BQ68-40000)*10%, IF(BQ68<=70000,(BQ68-55000)*15%+1500, IF(BQ68<=200000,(BQ68-70000)*20%+1500+2250, IF(BQ68<=400000,(BQ68-200000)*22.5%+1500+2250+26000, IF(BQ68<=600000,(BQ68-400000)*25%+1500+2250+26000+45000, IF(AND(BQ68>600000,BQ68<=1200000),(BQ68-400000)*25%+1500+2250+26000+45000 +IFERROR(LOOKUP(BQ68,{600001;700001;800001;900001},{4000;6750;10250;15250}),0),IF(BQ68>1200000,((BQ68-1200000)*27.5%)+300000,0) ))))))) -> 0 | BS68: =(BR68/12*'11-2025'!$J68) -> 0 | BT68: =BS68-'11-2025'!$V68 -> 0 | BU68: =IFERROR(+'11-2025'!$W68+AL68+AM68+BJ68-'11-2025'!$AJ68-BT68+AN68+AO68,"")-AL68+AP68+AQ68 -> 4326.4125 | BX68: =+BU68-BW68 -> 4326.4125
A69: 544 | B69: احمد منصور سليم منصور سليم | C69: 20أ القاهرة | D69: الادارى | E69: الشئون القانونية | F69: محامى | G69: 45658 | I69: 29509201400651 | J69: 1 | K69: 4995 | N69: =SUM('11-2025'!$K69:$M69) -> 4995 | O69: 4500 | P69: =O69*18.75% -> 843.75 | Q69: =O69*11% -> 495 | R69: 1666.6667 | S69: =IF(N69-Q69-R69<0,0,N69-Q69-R69) -> 2833.3333 | T69: =IFERROR(S69/J69,0)*12 -> 34000 | U69: =IF(T69<=40000,0, IF(T69<=55000,(T69-40000)*10%, IF(T69<=70000,(T69-55000)*15%+1500, IF(T69<=200000,(T69-70000)*20%+1500+2250, IF(T69<=400000,(T69-200000)*22.5%+1500+2250+26000, IF(T69<=600000,(T69-400000)*25%+1500+2250+26000+45000, IF(AND(T69>600000,T69<=1200000),(T69-400000)*25%+1500+2250+26000+45000 +IFERROR(LOOKUP(T69,{600001;700001;800001;900001},{4000;6750;10250;15250}),0),IF(T69>1200000,((T69-1200000)*27.5%)+300000,0) ))))))) -> 0 | V69: =U69/12*J69 -> 0 | W69: =+'11-2025'!$S69-'11-2025'!$V69+'11-2025'!$R69 -> 4500 | X69: =IFERROR(W69/30,"") -> 150 | Y69: 0 | Z69: =IFERROR(+'11-2025'!$X69*'11-2025'!$Y69,"") -> 0 | AA69: 0 | AB69: =IFERROR(+'11-2025'!$X69*'11-2025'!$AA69,"") -> 0 | AC69: 0 | AD69: =IFERROR(+'11-2025'!$X69*'11-2025'!$AC69,"") -> 0 | AE69: 0 | AF69: =IFERROR(+'11-2025'!$X69*'11-2025'!$AE69,"") -> 0 | AG69: 2.75 | AH69: =IFERROR(+'11-2025'!$X69*'11-2025'!$AG69,"") -> 412.5 | AI69: 1500 | AJ69: =IFERROR('11-2025'!$Z69+'11-2025'!$AB69+'11-2025'!$AD69+'11-2025'!$AF69+'11-2025'!$AH69+'11-2025'!$AI69,"") -> 1912.5 | AK69: =IFERROR('11-2025'!$W69-'11-2025'!$AJ69,"") -> 2587.5 | AO69: 40 | AR69: 0 | AS69: 0 | AT69: 0 | AU69: 0 | AV69: 0 | AW69: 0 | AX69: 125 | AY69: 55 | AZ69: 0 | BA69: 0 | BB69: 75 | BC69: 0 | BD69: 0 | BE69: 0 | BF69: 0 | BG69: 0 | BH69: 0 | BI69: 0 | BJ69: =BD69+BC69+BB69+BA69+AZ69+AY69+AX69+AW69+AV69+AU69+AT69+AS69+AR69+BE69+BF69+BG69+BH69+BI69 -> 255 | BK69: =BJ69+AM69+AL69+'11-2025'!$N69+AN69+AO69 -> 5290 | BL69: ='11-2025'!$O69 -> 4500 | BM69: =BL69*18.75% -> 843.75 | BN69: =BL69*11% -> 495 | BO69: =+R69 -> 1666.6667 | BP69: =IF(BK69-BN69-BO69<0,0,BK69-BN69-BO69) -> 3128.3333 | BQ69: =IFERROR(BP69/'11-2025'!$J69,0)*12 -> 37540 | BR69: =IF(BQ69<=40000,0, IF(BQ69<=55000,(BQ69-40000)*10%, IF(BQ69<=70000,(BQ69-55000)*15%+1500, IF(BQ69<=200000,(BQ69-70000)*20%+1500+2250, IF(BQ69<=400000,(BQ69-200000)*22.5%+1500+2250+26000, IF(BQ69<=600000,(BQ69-400000)*25%+1500+2250+26000+45000, IF(AND(BQ69>600000,BQ69<=1200000),(BQ69-400000)*25%+1500+2250+26000+45000 +IFERROR(LOOKUP(BQ69,{600001;700001;800001;900001},{4000;6750;10250;15250}),0),IF(BQ69>1200000,((BQ69-1200000)*27.5%)+300000,0) ))))))) -> 0 | BS69: =(BR69/12*'11-2025'!$J69) -> 0 | BT69: =BS69-'11-2025'!$V69 -> 0 | BU69: =IFERROR(+'11-2025'!$W69+AL69+AM69+BJ69-'11-2025'!$AJ69-BT69+AN69+AO69,"")-AL69+AP69+AQ69 -> 2882.5 | BX69: =+BU69-BW69 -> 2882.5
A70: 545 | B70: محمد الظافر محمد رفعت احمد إبراهيم | C70: 20أ القاهرة | D70: الادارى | E70: الشئون القانونية | F70: محامى | G70: 45658 | H70: 03/10/2025 | I70: 29506030102894 | J70: 1 | K70: 5550 | N70: =SUM('11-2025'!$K70:$M70) -> 5550 | O70: 5000 | P70: =O70*18.75% -> 937.5 | Q70: =O70*11% -> 550 | R70: 1666.6667 | S70: =IF(N70-Q70-R70<0,0,N70-Q70-R70) -> 3333.3333 | T70: =IFERROR(S70/J70,0)*12 -> 40000 | U70: =IF(T70<=40000,0, IF(T70<=55000,(T70-40000)*10%, IF(T70<=70000,(T70-55000)*15%+1500, IF(T70<=200000,(T70-70000)*20%+1500+2250, IF(T70<=400000,(T70-200000)*22.5%+1500+2250+26000, IF(T70<=600000,(T70-400000)*25%+1500+2250+26000+45000, IF(AND(T70>600000,T70<=1200000),(T70-400000)*25%+1500+2250+26000+45000 +IFERROR(LOOKUP(T70,{600001;700001;800001;900001},{4000;6750;10250;15250}),0),IF(T70>1200000,((T70-1200000)*27.5%)+300000,0) ))))))) -> 0 | V70: =U70/12*J70 -> 0 | W70: =+'11-2025'!$S70-'11-2025'!$V70+'11-2025'!$R70 -> 5000 | X70: =IFERROR(W70/30,"") -> 166.66667 | Z70: =IFERROR(+'11-2025'!$X70*'11-2025'!$Y70,"") -> 0 | AB70: =IFERROR(+'11-2025'!$X70*'11-2025'!$AA70,"") -> 0 | AC70: 30 | AD70: =IFERROR(+'11-2025'!$X70*'11-2025'!$AC70,"") -> 5000 | AF70: =IFERROR(+'11-2025'!$X70*'11-2025'!$AE70,"") -> 0 | AH70: =IFERROR(+'11-2025'!$X70*'11-2025'!$AG70,"") -> 0 | AI70: 0 | AJ70: =IFERROR('11-2025'!$Z70+'11-2025'!$AB70+'11-2025'!$AD70+'11-2025'!$AF70+'11-2025'!$AH70+'11-2025'!$AI70,"") -> 5000 | AK70: =IFERROR('11-2025'!$W70-'11-2025'!$AJ70,"") -> 0 | AR70: 0 | AS70: 0 | AT70: 0 | AU70: 0 | AV70: 0 | AW70: 0 | AX70: 0 | AY70: 0 | AZ70: 0 | BA70: 0 | BB70: 0 | BC70: 0 | BD70: 0 | BE70: 0 | BF70: 0 | BG70: 0 | BH70: 0 | BI70: 0 | BJ70: =BD70+BC70+BB70+BA70+AZ70+AY70+AX70+AW70+AV70+AU70+AT70+AS70+AR70+BE70+BF70+BG70+BH70+BI70 -> 0 | BK70: =BJ70+AM70+AL70+'11-2025'!$N70+AN70+AO70 -> 5550 | BL70: ='11-2025'!$O70 -> 5000 | BM70: =BL70*18.75% -> 937.5 | BN70: =BL70*11% -> 550 | BO70: =+R70 -> 1666.6667 | BP70: =IF(BK70-BN70-BO70<0,0,BK70-BN70-BO70) -> 3333.3333 | BQ70: =IFERROR(BP70/'11-2025'!$J70,0)*12 -> 40000 | BR70: =IF(BQ70<=40000,0, IF(BQ70<=55000,(BQ70-40000)*10%, IF(BQ70<=70000,(BQ70-55000)*15%+1500, IF(BQ70<=200000,(BQ70-70000)*20%+1500+2250, IF(BQ70<=400000,(BQ70-200000)*22.5%+1500+2250+26000, IF(BQ70<=600000,(BQ70-400000)*25%+1500+2250+26000+45000, IF(AND(BQ70>600000,BQ70<=1200000),(BQ70-400000)*25%+1500+2250+26000+45000 +IFERROR(LOOKUP(BQ70,{600001;700001;800001;900001},{4000;6750;10250;15250}),0),IF(BQ70>1200000,((BQ70-1200000)*27.5%)+300000,0) ))))))) -> 0 | BS70: =(BR70/12*'11-2025'!$J70) -> 0 | BT70: =BS70-'11-2025'!$V70 -> 0 | BU70: =IFERROR(+'11-2025'!$W70+AL70+AM70+BJ70-'11-2025'!$AJ70-BT70+AN70+AO70,"")-AL70+AP70+AQ70 -> 0 | BX70: =+BU70-BW70 -> 0
A71: 552 | B71: صفيناز عبدالقادر علام عبدالقادر | C71: المنصورة | D71: التحصيل | E71: متعدد | F71: وكيل تحصيل هاتفى | G71: 45662 | H71: 45901 | I71: 30103231201201 | J71: 1 | K71: 2500 | N71: =SUM('11-2025'!$K71:$M71) -> 2500 | O71: 2500 | P71: =O71*18.75% -> 468.75 | Q71: =O71*11% -> 275 | R71: 1666.6667 | S71: =IF(N71-Q71-R71<0,0,N71-Q71-R71) -> 558.33333 | T71: =IFERROR(S71/J71,0)*12 -> 6700 | U71: =IF(T71<=40000,0, IF(T71<=55000,(T71-40000)*10%, IF(T71<=70000,(T71-55000)*15%+1500, IF(T71<=200000,(T71-70000)*20%+1500+2250, IF(T71<=400000,(T71-200000)*22.5%+1500+2250+26000, IF(T71<=600000,(T71-400000)*25%+1500+2250+26000+45000, IF(AND(T71>600000,T71<=1200000),(T71-400000)*25%+1500+2250+26000+45000 +IFERROR(LOOKUP(T71,{600001;700001;800001;900001},{4000;6750;10250;15250}),0),IF(T71>1200000,((T71-1200000)*27.5%)+300000,0) ))))))) -> 0 | V71: =U71/12*J71 -> 0 | W71: =+'11-2025'!$S71-'11-2025'!$V71+'11-2025'!$R71 -> 2225 | X71: =IFERROR(W71/30,"") -> 74.166667 | Z71: =IFERROR(+'11-2025'!$X71*'11-2025'!$Y71,"") -> 0 | AB71: =IFERROR(+'11-2025'!$X71*'11-2025'!$AA71,"") -> 0 | AC71: 30 | AD71: =IFERROR(+'11-2025'!$X71*'11-2025'!$AC71,"") -> 2225 | AF71: =IFERROR(+'11-2025'!$X71*'11-2025'!$AE71,"") -> 0 | AH71: =IFERROR(+'11-2025'!$X71*'11-2025'!$AG71,"") -> 0 | AI71: 0 | AJ71: =IFERROR('11-2025'!$Z71+'11-2025'!$AB71+'11-2025'!$AD71+'11-2025'!$AF71+'11-2025'!$AH71+'11-2025'!$AI71,"") -> 2225 | AK71: =IFERROR('11-2025'!$W71-'11-2025'!$AJ71,"") -> 0 | AR71: 0 | AS71: 0 | AT71: 0 | AU71: 0 | AV71: 0 | AW71: 0 | AX71: 0 | AY71: 0 | AZ71: 0 | BA71: 0 | BB71: 0 | BC71: 0 | BD71: 0 | BE71: 0 | BF71: 0 | BG71: 0 | BH71: 0 | BI71: 0 | BJ71: =BD71+BC71+BB71+BA71+AZ71+AY71+AX71+AW71+AV71+AU71+AT71+AS71+AR71+BE71+BF71+BG71+BH71+BI71 -> 0 | BK71: =BJ71+AM71+AL71+'11-2025'!$N71+AN71+AO71 -> 2500 | BL71: ='11-2025'!$O71 -> 2500 | BM71: =BL71*18.75% -> 468.75 | BN71: =BL71*11% -> 275 | BO71: =+R71 -> 1666.6667 | BP71: =IF(BK71-BN71-BO71<0,0,BK71-BN71-BO71) -> 558.33333 | BQ71: =IFERROR(BP71/'11-2025'!$J71,0)*12 -> 6700 | BR71: =IF(BQ71<=40000,0, IF(BQ71<=55000,(BQ71-40000)*10%, IF(BQ71<=70000,(BQ71-55000)*15%+1500, IF(BQ71<=200000,(BQ71-70000)*20%+1500+2250, IF(BQ71<=400000,(BQ71-200000)*22.5%+1500+2250+26000, IF(BQ71<=600000,(BQ71-400000)*25%+1500+2250+26000+45000, IF(AND(BQ71>600000,BQ71<=1200000),(BQ71-400000)*25%+1500+2250+26000+45000 +IFERROR(LOOKUP(BQ71,{600001;700001;800001;900001},{4000;6750;10250;15250}),0),IF(BQ71>1200000,((BQ71-1200000)*27.5%)+300000,0) ))))))) -> 0 | BS71: =(BR71/12*'11-2025'!$J71) -> 0 | BT71: =BS71-'11-2025'!$V71 -> 0 | BU71: =IFERROR(+'11-2025'!$W71+AL71+AM71+BJ71-'11-2025'!$AJ71-BT71+AN71+AO71,"")-AL71+AP71+AQ71 -> 0 | BX71: =+BU71-BW71 -> 0
A72: 554 | B72: نيره عادل محمد حسين حجازى | C72: المنصورة | D72: التحصيل | E72: شركة تنمية | F72: محامى | G72: 45818 | I72: 30201271201842 | J72: 1 | K72: 2500 | N72: =SUM('11-2025'!$K72:$M72) -> 2500 | O72: 2500 | P72: =O72*18.75% -> 468.75 | Q72: =O72*11% -> 275 | R72: 1666.6667 | S72: =IF(N72-Q72-R72<0,0,N72-Q72-R72) -> 558.33333 | T72: =IFERROR(S72/J72,0)*12 -> 6700 | U72: =IF(T72<=40000,0, IF(T72<=55000,(T72-40000)*10%, IF(T72<=70000,(T72-55000)*15%+1500, IF(T72<=200000,(T72-70000)*20%+1500+2250, IF(T72<=400000,(T72-200000)*22.5%+1500+2250+26000, IF(T72<=600000,(T72-400000)*25%+1500+2250+26000+45000, IF(AND(T72>600000,T72<=1200000),(T72-400000)*25%+1500+2250+26000+45000 +IFERROR(LOOKUP(T72,{600001;700001;800001;900001},{4000;6750;10250;15250}),0),IF(T72>1200000,((T72-1200000)*27.5%)+300000,0) ))))))) -> 0 | V72: =U72/12*J72 -> 0 | W72: =+'11-2025'!$S72-'11-2025'!$V72+'11-2025'!$R72 -> 2225 | X72: =IFERROR(W72/30,"") -> 74.166667 | Y72: 0 | Z72: =IFERROR(+'11-2025'!$X72*'11-2025'!$Y72,"") -> 0 | AA72: 0 | AB72: =IFERROR(+'11-2025'!$X72*'11-2025'!$AA72,"") -> 0 | AC72: 0 | AD72: =IFERROR(+'11-2025'!$X72*'11-2025'!$AC72,"") -> 0 | AE72: 0 | AF72: =IFERROR(+'11-2025'!$X72*'11-2025'!$AE72,"") -> 0 | AG72: 0 | AH72: =IFERROR(+'11-2025'!$X72*'11-2025'!$AG72,"") -> 0 | AI72: 200 | AJ72: =IFERROR('11-2025'!$Z72+'11-2025'!$AB72+'11-2025'!$AD72+'11-2025'!$AF72+'11-2025'!$AH72+'11-2025'!$AI72,"") -> 200 | AK72: =IFERROR('11-2025'!$W72-'11-2025'!$AJ72,"") -> 2025 | AO72: 0 | AR72: 0 | AS72: 0 | AT72: 0 | AU72: 0 | AV72: 0 | AW72: 0 | AX72: 0 | AY72: 0 | AZ72: 0 | BA72: 0 | BB72: 0 | BC72: 0 | BD72: 0 | BE72: 818.3475 | BF72: 0 | BG72: 0 | BH72: 0 | BI72: 0 | BJ72: =BD72+BC72+BB72+BA72+AZ72+AY72+AX72+AW72+AV72+AU72+AT72+AS72+AR72+BE72+BF72+BG72+BH72+BI72 -> 818.3475 | BK72: =BJ72+AM72+AL72+'11-2025'!$N72+AN72+AO72 -> 3318.3475 | BL72: ='11-2025'!$O72 -> 2500 | BM72: =BL72*18.75% -> 468.75 | BN72: =BL72*11% -> 275 | BO72: =+R72 -> 1666.6667 | BP72: =IF(BK72-BN72-BO72<0,0,BK72-BN72-BO72) -> 1376.6808 | BQ72: =IFERROR(BP72/'11-2025'!$J72,0)*12 -> 16520.17 | BR72: =IF(BQ72<=40000,0, IF(BQ72<=55000,(BQ72-40000)*10%, IF(BQ72<=70000,(BQ72-55000)*15%+1500, IF(BQ72<=200000,(BQ72-70000)*20%+1500+2250, IF(BQ72<=400000,(BQ72-200000)*22.5%+1500+2250+26000, IF(BQ72<=600000,(BQ72-400000)*25%+1500+2250+26000+45000, IF(AND(BQ72>600000,BQ72<=1200000),(BQ72-400000)*25%+1500+2250+26000+45000 +IFERROR(LOOKUP(BQ72,{600001;700001;800001;900001},{4000;6750;10250;15250}),0),IF(BQ72>1200000,((BQ72-1200000)*27.5%)+300000,0) ))))))) -> 0 | BS72: =(BR72/12*'11-2025'!$J72) -> 0 | BT72: =BS72-'11-2025'!$V72 -> 0 | BU72: =IFERROR(+'11-2025'!$W72+AL72+AM72+BJ72-'11-2025'!$AJ72-BT72+AN72+AO72,"")-AL72+AP72+AQ72 -> 2843.3475 | BX72: =+BU72-BW72 -> 2843.3475
